project_name,report_year,report_section,standard_type,environment_element,standard_name,standard_code,applicable_object,emission_form,pollutant_name,management_item,clause_or_table,limit_value,limit_unit,evidence_text,evidence_page,relation_status,check_note
佛山市顺德区菱昌精密塑料五金实业有限公司新建项目,2024,三、区域环境质量现状、环境保护目标及评价标准,环境质量标准,声环境,声环境质量标准,GB3096-2008,厂界；声环境,,,环境质量执行标准,,65,dB,3 类标准，即昼间≤65dB(A)，夜间≤55dB(A)。 根据《声环境功能区划分技术规范》（GB/T15190-2014）：将交通干线边界线外 -定距离内的区域划分为4a类声环境功能区（相邻区域为3类声环境功能区，距离为 20±5m）。项目北面边界与伦桂路相邻，伦桂路为城市主干路，根据《佛山市生态环 境局关于印发 的通知》（佛环（2024）1号），伦桂路声 环境功能区划为4类区，噪声执行国家《声环境质量标准》（GB3096-2008）中的4a 类标准。因此，项目北面边界执行《声环境质量标准》（GB3096-2008）中的4a类标 准，即昼间≤70dB(A)，夜间≤55dB(A)，其余区域执行3类标准。 项目厂界外周边50米范围内不存在声环境保护目标，无需监测声环境质量现状并 评价达标情况，无需测厂界噪声。 4、生态环境质量现状 项目厂界周边不涉及生态环境保护目标，故不进行生态环境质量现状调查。 5、电磁辐射环境质量现状 项目不涉及电磁辐射类项目，故不进行电磁辐射现状监测与评价。 6、地下水、土壤环境质量现状 项目用水均来自市政供水管网，不进行地下水的开采，不会造成因取用地下水而 引起的环境水文地质问题，项目所在厂房地面已做好防渗漏措施，厂区和车间地面均 已做硬底化处理，本项目不存在土壤、地下水环境污染途径，根据《建设项目环境影 响报告表编制技术指南（污染影响类）》，因此，本项目不…,,valid,
佛山市顺德区菱昌精密塑料五金实业有限公司新建项目,2024,三、区域环境质量现状、环境保护目标及评价标准,环境质量标准,大气环境,环境空气质量标准,GB3095-2012,厂界；环境空气；大气环境；项目所在区域,,,环境质量执行标准,,按环境功能区执行,,量现状调查。 1、大气环境 项目所在区域属环境空气二类功能区，保护区域的空气环境质量，使其不因项目 实施受到影响。保护目标执行《环境空气质量标准》（GB3095-2012）及其修改单二 级标准。项目厂界外500米范围内不存在自然保护区、风景名胜区、居住区、文化区 和农村地区中人群较集中的区域等保护目标及已规划的大气环境保护目标。 2、声环境保护目标,,valid,
佛山市顺德区菱昌精密塑料五金实业有限公司新建项目,2024,三、区域环境质量现状、环境保护目标及评价标准,环境质量标准,声环境,声环境质量标准,GB3096-2008,厂界；声环境,,,环境质量执行标准,,按环境功能区执行,,护目 项目声环境质量需符合《声环境质量标准》（GB3096-2008）中的3类标准和4a 标 类标准。控制各种噪声声源，要求项目边界噪声达到《工业企业厂界环境噪声排放标 准》（GB12348-2008）3类标准和4类标准；厂界外50米范围内无声环境保护目标。 3、地下水环境保护目标,,valid,
佛山市顺德区菱昌精密塑料五金实业有限公司新建项目,2024,三、区域环境质量现状、环境保护目标及评价标准,噪声排放标准/控制要求,声环境,工业企业厂界环境噪声排放标准,GB12348-2008,厂界,厂界,厂界噪声,,,,,护目 项目声环境质量需符合《声环境质量标准》（GB3096-2008）中的3类标准和4a 标 类标准。控制各种噪声声源，要求项目边界噪声达到《工业企业厂界环境噪声排放标 准》（GB12348-2008）3类标准和4类标准；厂界外50米范围内无声环境保护目标。 3、地下水环境保护目标,,partial,标准正确但限值缺失
佛山市顺德区菱昌精密塑料五金实业有限公司新建项目,2024,三、区域环境质量现状、环境保护目标及评价标准,水污染物排放标准/控制要求,地表水环境,水污染物排放限值,DB44/26-2001,生活污水,,,废水排放控制要求,三级；表3,,,污染物排放控制标准 | 1、废水排放标准本项目运营期间产生的生活污水经预处理后的达到广东省地方标准《水污染物排放限值》（DB44/26-2001）第二时段三级标准后，排入大门污水处理厂处理，尾水排入顺德支流。根据2013年7月11日颁布的《顺德区环境运输和城市管理局关于全区城镇污水处理厂尾水排放执行标准的通知》规定：新、扩和改建城镇污水处理厂尾水应符合《城镇污水处理厂污染物排放标准》（GB18918-2002）一级A标准及广东省地方标准《水污染物排放限值》（DB44/26-2001）第二时段一级标准的较严值，具体排放限值见下表。表3-2污水排放标准（单位：mg/L，pH值除外）,,partial,未拆到单一污染因子，以管理/控制事项暂存
佛山市顺德区菱昌精密塑料五金实业有限公司新建项目,2024,三、区域环境质量现状、环境保护目标及评价标准,水污染物排放标准/控制要求,地表水环境,水污染物排放限值,DB44/26-2001,生活污水,,,废水排放控制要求,三级,,,生活污水预处理标准 | 6-9 | 500 | 300 | 400 | | （DB44/26-2001）第二时段三级标准,,partial,未拆到单一污染因子，以管理/控制事项暂存
佛山市顺德区菱昌精密塑料五金实业有限公司新建项目,2024,三、区域环境质量现状、环境保护目标及评价标准,水污染物排放标准/控制要求,地表水环境,水污染物排放限值,DB44/26-2001,,,,废水排放控制要求,,,,大门污水处理厂排放限值 | 6-9 | 40 | 10 | 10 | 5 | （GB18918-2002）一级A标准及（DB44/26-2001）第二时段一级标准的较严值,,partial,未拆到单一污染因子，以管理/控制事项暂存
佛山市顺德区菱昌精密塑料五金实业有限公司新建项目,2024,三、区域环境质量现状、环境保护目标及评价标准,大气污染物排放标准/控制要求,大气环境,合成树脂工业污染物排放标准,GB31572-2015,DA001；排气筒；有组织,有组织,NMHC,,表4；表1,,,2、废气排放标准项目吸塑、折边产生的废气经包围型（集气罩+幕帘）集气罩收集后通过“活性炭吸附”处理设施处理后引至30m高排气筒（DA001）排放。对于不采用氯乙烯单体加工聚氯乙烯，仅采用聚氯乙烯树脂进行注塑、挤塑加工的企业，有机废气不执行《合成树脂工业污染物排放标准》（GB31572-2015，含2024年修改单）、《烧碱、聚氯乙烯工业污染物排放标准》（GB15581-2016），执行广东省《固定污染源挥发性有机物综合排放标准》（DB44/2367-2022）。本项目吸塑、折边工艺原料包含PVC 塑料和PE 塑料；故吸塑、折边产生的非甲烷总烃有组织排放执行《合成树脂工业污染物排放标准》（GB31572-2015，含 2024年修改单）中表4 规定的大气污染物排放限值及广东省《固定污染源挥发性有机化合物综合排放标准》（DB44/2367-2022）中表1挥发性有机物排放限值二者的较严值。,,need_manual_check,原文表述为不执行/不适用该标准，需人工核查
佛山市顺德区菱昌精密塑料五金实业有限公司新建项目,2024,三、区域环境质量现状、环境保护目标及评价标准,大气污染物排放标准/控制要求,大气环境,合成树脂工业污染物排放标准,GB31572-2015,DA001；排气筒；有组织,有组织,VOCs,,表4；表1,,,2、废气排放标准项目吸塑、折边产生的废气经包围型（集气罩+幕帘）集气罩收集后通过“活性炭吸附”处理设施处理后引至30m高排气筒（DA001）排放。对于不采用氯乙烯单体加工聚氯乙烯，仅采用聚氯乙烯树脂进行注塑、挤塑加工的企业，有机废气不执行《合成树脂工业污染物排放标准》（GB31572-2015，含2024年修改单）、《烧碱、聚氯乙烯工业污染物排放标准》（GB15581-2016），执行广东省《固定污染源挥发性有机物综合排放标准》（DB44/2367-2022）。本项目吸塑、折边工艺原料包含PVC 塑料和PE 塑料；故吸塑、折边产生的非甲烷总烃有组织排放执行《合成树脂工业污染物排放标准》（GB31572-2015，含 2024年修改单）中表4 规定的大气污染物排放限值及广东省《固定污染源挥发性有机化合物综合排放标准》（DB44/2367-2022）中表1挥发性有机物排放限值二者的较严值。,,need_manual_check,原文表述为不执行/不适用该标准，需人工核查
佛山市顺德区菱昌精密塑料五金实业有限公司新建项目,2024,三、区域环境质量现状、环境保护目标及评价标准,大气污染物排放标准/控制要求,大气环境,固定污染源挥发性有机物综合排放标准,DB44/2367-2022,DA001；排气筒；有组织,有组织,NMHC,,表4；表1,,,2、废气排放标准项目吸塑、折边产生的废气经包围型（集气罩+幕帘）集气罩收集后通过“活性炭吸附”处理设施处理后引至30m高排气筒（DA001）排放。对于不采用氯乙烯单体加工聚氯乙烯，仅采用聚氯乙烯树脂进行注塑、挤塑加工的企业，有机废气不执行《合成树脂工业污染物排放标准》（GB31572-2015，含2024年修改单）、《烧碱、聚氯乙烯工业污染物排放标准》（GB15581-2016），执行广东省《固定污染源挥发性有机物综合排放标准》（DB44/2367-2022）。本项目吸塑、折边工艺原料包含PVC 塑料和PE 塑料；故吸塑、折边产生的非甲烷总烃有组织排放执行《合成树脂工业污染物排放标准》（GB31572-2015，含 2024年修改单）中表4 规定的大气污染物排放限值及广东省《固定污染源挥发性有机化合物综合排放标准》（DB44/2367-2022）中表1挥发性有机物排放限值二者的较严值。,,partial,标准正确但限值缺失
佛山市顺德区菱昌精密塑料五金实业有限公司新建项目,2024,三、区域环境质量现状、环境保护目标及评价标准,大气污染物排放标准/控制要求,大气环境,固定污染源挥发性有机物综合排放标准,DB44/2367-2022,DA001；排气筒；有组织,有组织,VOCs,,表4；表1,,,2、废气排放标准项目吸塑、折边产生的废气经包围型（集气罩+幕帘）集气罩收集后通过“活性炭吸附”处理设施处理后引至30m高排气筒（DA001）排放。对于不采用氯乙烯单体加工聚氯乙烯，仅采用聚氯乙烯树脂进行注塑、挤塑加工的企业，有机废气不执行《合成树脂工业污染物排放标准》（GB31572-2015，含2024年修改单）、《烧碱、聚氯乙烯工业污染物排放标准》（GB15581-2016），执行广东省《固定污染源挥发性有机物综合排放标准》（DB44/2367-2022）。本项目吸塑、折边工艺原料包含PVC 塑料和PE 塑料；故吸塑、折边产生的非甲烷总烃有组织排放执行《合成树脂工业污染物排放标准》（GB31572-2015，含 2024年修改单）中表4 规定的大气污染物排放限值及广东省《固定污染源挥发性有机化合物综合排放标准》（DB44/2367-2022）中表1挥发性有机物排放限值二者的较严值。,,partial,标准正确但限值缺失
佛山市顺德区菱昌精密塑料五金实业有限公司新建项目,2024,三、区域环境质量现状、环境保护目标及评价标准,大气污染物排放标准/控制要求,大气环境,合成树脂工业污染物排放标准,GB31572-2015,,,NMHC,,,,,NMHC | 30 | 80 | / | GB 31572-2015，含2024年修改单及DB44/2367-2022 二者较严值,,partial,标准正确但适用对象缺失
佛山市顺德区菱昌精密塑料五金实业有限公司新建项目,2024,三、区域环境质量现状、环境保护目标及评价标准,大气污染物排放标准/控制要求,大气环境,固定污染源挥发性有机物综合排放标准,DB44/2367-2022,,,NMHC,,,,,NMHC | 30 | 80 | / | GB 31572-2015，含2024年修改单及DB44/2367-2022 二者较严值,,partial,标准正确但适用对象缺失
佛山市顺德区菱昌精密塑料五金实业有限公司新建项目,2024,三、区域环境质量现状、环境保护目标及评价标准,大气污染物排放标准/控制要求,大气环境,恶臭污染物排放标准,GB14554-93,,,臭气浓度,,,20,无量纲,臭气浓度 | 15000（无量纲） | 20（无量纲） | GB14554-93,,partial,标准正确但适用对象缺失
佛山市顺德区菱昌精密塑料五金实业有限公司新建项目,2024,三、区域环境质量现状、环境保护目标及评价标准,大气污染物排放标准/控制要求,大气环境,固定污染源挥发性有机物综合排放标准,DB44/2367-2022,厂区内；无组织,无组织,NMHC,,表3,6,mg/m3,NMHC | $6 \mathrm { m g } / \mathrm { m } ^ { 3 }$ | 监控点处1h平均浓度值 | 在厂房外设置监控点 | 广东省地方标准《固定污染源挥发性有机物综合排放标准》（DB44/2367-2022）表3厂区内NMHC无组织排放限值,,valid,
佛山市顺德区菱昌精密塑料五金实业有限公司新建项目,2024,三、区域环境质量现状、环境保护目标及评价标准,固体废物/危险废物管理标准,固体废物,危险废物贮存污染控制标准,GB18597-2023,危险废物,,,危险废物贮存要求,,按危险废物贮存污染控制要求执行,,| 鉴别标准通则》（GB34330-2017）等。一般工业固体废物储存周转场地需要满足防渗 漏、防雨淋、防扬尘等环境保护要求。危险废物执行《国家危险废物名录》（2021年 版）、《危险废物贮存污染控制标准》（GB18597-2023）、《危险废物收集贮存运 输技术规范》（HJ2025-2012）相关要求。,,valid,
佛山市顺德区菱昌精密塑料五金实业有限公司新建项目,2024,三、区域环境质量现状、环境保护目标及评价标准,环境质量标准,大气环境,环境空气质量标准,GB3095-2012,环境空气；大气环境,,,环境质量执行标准,二级,二级,,根据《佛山市顺德区生态环境保护“十四五”规划（2021-2025）》（顺府办发〔202216 号），项目所在地为大气环境二类功能区，执行《环境空气质量标准》（GB3095-2012）及其2018年修改单二级标准。,,valid,
佛山市顺德区菱昌精密塑料五金实业有限公司新建项目,2024,三、区域环境质量现状、环境保护目标及评价标准,环境质量标准,大气环境,环境空气质量标准,GB3095-2012,环境空气,,,环境质量执行标准,二级,二级,,顺德区二氧化硫 $( \mathsf { S O } _ { 2 } )$ 、二氧化氮 $\left( \mathbf { N O } _ { 2 } \right)$ 、可吸入颗粒物 $\left( \mathrm { P M } _ { 1 0 } \right)$ 、细颗粒物 $\left( \mathbf { P } \mathbf { M } _ { 2 . 5 } \right)$ 、一氧化碳（CO）五项污染物年评价浓度均达到《环境空气质量标准》（GB3095-2012）二级标准限值2018年修改单二级标准，臭氧 $( \mathbf { O } _ { 3 } )$ 超二级浓度限值。,,valid,
佛山市顺德区菱昌精密塑料五金实业有限公司新建项目,2024,三、区域环境质量现状、环境保护目标及评价标准,环境质量标准,大气环境,环境空气质量标准,GB3095-2012,环境空气,,,环境质量执行标准,二级,二级,,根据图3-1 可知，2023年顺德区二氧化硫 $\left( \mathsf { S O } _ { 2 } \right)$ 、二氧化氮 $\left( \mathbf { N O } _ { 2 } \right)$ 、可吸入颗粒物 $\left( \mathrm { P M } _ { 1 0 } \right)$ 、细颗粒物 $\left( \mathbf { P } \mathbf { M } _ { 2 . 5 } \right)$ 、一氧化碳（CO）五项污染物年评价浓度均达到《环境空气质量标准》（GB3095-2012）二级标准限值2018年修改单二级标准，臭氧$\left( \mathbf { O } _ { 3 } \right)$ 超标，判定顺德区为不达标区。,,valid,
佛山市顺德区菱昌精密塑料五金实业有限公司新建项目,2024,三、区域环境质量现状、环境保护目标及评价标准,其他政策符合性要求,,,,,,,政策/准入要求,,,,②持续推动结构优化调整， 提高清洁能源供给能力，严格控制煤炭消费总量，坚决遏制“两高”项目盲目发展，推进“一镇一业”集聚发展，大力发展多式联运，推进绿色货运配送，建设绿色物流片区，加快新能源汽车推广应用；,,policy_or_experience,政策或准入类内容，不进主标准关系
佛山市顺德区菱昌精密塑料五金实业有限公司新建项目,2024,三、区域环境质量现状、环境保护目标及评价标准,环境质量标准,地表水环境,地表水环境质量标准,GB3838-2002,地表水；顺德支流；水环境,,,环境质量执行标准,Ⅲ类,Ⅲ类,,根据《佛山市顺德区生态环境保护“十四五”规划（2021-2025）》，顺德支流水质执行《地表水环境质量标准》（GB3838-2002）Ⅲ类标准。,,valid,
佛山市顺德区菱昌精密塑料五金实业有限公司新建项目,2024,三、区域环境质量现状、环境保护目标及评价标准,大气污染物排放标准/控制要求,大气环境,恶臭污染物排放标准,GB14554-93,排气筒,有组织,臭气浓度,,,15000,无量纲,项目吸塑、折边工序产生的臭气浓度执行《恶臭污染物排放标准》（GB14554-93）恶臭污染物排放标准值：当排气筒高度为 30米时，恶臭浓度≤15000（无量纲）；,,valid,
佛山市顺德区菱昌精密塑料五金实业有限公司新建项目,2024,三、区域环境质量现状、环境保护目标及评价标准,大气污染物排放标准/控制要求,大气环境,固定污染源挥发性有机物综合排放标准,DB44/2367-2022,厂区内；无组织,无组织,VOCs,,表 3,,,厂区内 VOCs 执行广东省地方标准《固定污染源挥发性有机物综合排放标准》（DB44/2367-2022）表 3 厂区内 VOCs 无组织排放限值。,,partial,标准正确但限值缺失
佛山市顺德区菱昌精密塑料五金实业有限公司新建项目,2024,三、区域环境质量现状、环境保护目标及评价标准,噪声排放标准/控制要求,声环境,工业企业厂界环境噪声排放标准,GB12348-2008,厂界,厂界,厂界噪声,,,,,项目北面厂界噪声执行《工业企业厂界环境噪声排放标准》（GB12348-2008）4类标准，西面、南面、东面厂界噪声执行《工业企业厂界环境噪声排放标准》（GB12348-2008）3 类限值。,,partial,标准正确但限值缺失
佛山市顺德区菱昌精密塑料五金实业有限公司新建项目,2024,四、主要环境影响和保护措施,大气污染物排放标准/控制要求,大气环境,合成树脂工业污染物排放标准,GB31572-2015,DA001；排气筒,有组织,NMHC,,,80,mg/m3,排气筒（DA001） | NMHC | 3.697 | GB 31572-2015，含2024年修改单及 DB44/2367-2022二者较严值 | 80 | 达标,,valid,
佛山市顺德区菱昌精密塑料五金实业有限公司新建项目,2024,四、主要环境影响和保护措施,大气污染物排放标准/控制要求,大气环境,固定污染源挥发性有机物综合排放标准,DB44/2367-2022,DA001；排气筒,有组织,NMHC,,,80,mg/m3,排气筒（DA001） | NMHC | 3.697 | GB 31572-2015，含2024年修改单及 DB44/2367-2022二者较严值 | 80 | 达标,,valid,
佛山市顺德区菱昌精密塑料五金实业有限公司新建项目,2024,四、主要环境影响和保护措施,大气污染物排放标准/控制要求,大气环境,恶臭污染物排放标准,GB14554-93,,,臭气浓度,,,15000,无量纲,| | 臭气浓度 | <15000（无量纲） | GB14554-93 | 15000（无量纲） | 达标,,partial,标准正确但适用对象缺失
佛山市顺德区菱昌精密塑料五金实业有限公司新建项目,2024,四、主要环境影响和保护措施,大气污染物排放标准/控制要求,大气环境,合成树脂工业污染物排放标准,GB31572-2015,DA001；排气筒,有组织,NMHC,,表4；表1,,,1 | 排气筒DA001 | NMHC | 半年一次 | 《合成树脂工业污染物排放标准》（GB31572-2015，含2024年修改单）中表4规定的大气污染物排放限值及广东省《固定污染源挥发性有机化合物综合排放标准》（DB44/2367-2022）中表1挥发性有机物排放限值二者较严值,,partial,标准正确但限值缺失
佛山市顺德区菱昌精密塑料五金实业有限公司新建项目,2024,四、主要环境影响和保护措施,大气污染物排放标准/控制要求,大气环境,固定污染源挥发性有机物综合排放标准,DB44/2367-2022,DA001；排气筒,有组织,NMHC,,表4；表1,,,1 | 排气筒DA001 | NMHC | 半年一次 | 《合成树脂工业污染物排放标准》（GB31572-2015，含2024年修改单）中表4规定的大气污染物排放限值及广东省《固定污染源挥发性有机化合物综合排放标准》（DB44/2367-2022）中表1挥发性有机物排放限值二者较严值,,partial,标准正确但限值缺失
佛山市顺德区菱昌精密塑料五金实业有限公司新建项目,2024,四、主要环境影响和保护措施,大气污染物排放标准/控制要求,大气环境,恶臭污染物排放标准,GB14554-93,,,臭气浓度,,表2,,,臭气浓度 | 一年一次 | 《恶臭污染物排放标准》（GB14554-93）中表2恶臭污染物排放标准值,,partial,标准正确但适用对象缺失
佛山市顺德区菱昌精密塑料五金实业有限公司新建项目,2024,四、主要环境影响和保护措施,大气污染物排放标准/控制要求,大气环境,恶臭污染物排放标准,GB14554-93,厂界,无组织,臭气浓度,,表1；二级,,,臭气浓度 | 《恶臭污染物排放标准》（GB14554-93）表1恶臭污染物厂界标准值二级新扩改建限值,,partial,标准正确但限值缺失
佛山市顺德区菱昌精密塑料五金实业有限公司新建项目,2024,四、主要环境影响和保护措施,大气污染物排放标准/控制要求,大气环境,固定污染源挥发性有机物综合排放标准,DB44/2367-2022,厂区内；无组织,无组织,VOCs,,表3,,,3 | 厂区内VOCs无组织排放监控点 | NMHC | 《固定污染源挥发性有机物综合排放标准》（DB44/2367-2022）中的表3厂区内VOCs无组织排放限值的标准,,partial,标准正确但限值缺失
佛山市顺德区菱昌精密塑料五金实业有限公司新建项目,2024,四、主要环境影响和保护措施,大气污染物排放标准/控制要求,大气环境,固定污染源挥发性有机物综合排放标准,DB44/2367-2022,厂区内；无组织,无组织,NMHC,,表3,,,3 | 厂区内VOCs无组织排放监控点 | NMHC | 《固定污染源挥发性有机物综合排放标准》（DB44/2367-2022）中的表3厂区内VOCs无组织排放限值的标准,,partial,标准正确但限值缺失
佛山市顺德区菱昌精密塑料五金实业有限公司新建项目,2024,四、主要环境影响和保护措施,水污染物排放标准/控制要求,地表水环境,水污染物排放限值,DB44/26-2001,DW001,,,废水排放控制要求,三级,,,DW001 | 一般排放□ | 113.207095° | 22.842492° | 45t/a | 大门污水处理广 | 间断排放，排放期间流量不稳定且无规律，但不属于冲击型排放 | (DB44/26-2001）第二时段三级排放标准,,partial,未拆到单一污染因子，以管理/控制事项暂存
佛山市顺德区菱昌精密塑料五金实业有限公司新建项目,2024,四、主要环境影响和保护措施,噪声排放标准/控制要求,声环境,工业企业厂界环境噪声排放标准,GB12348-2008,厂界,厂界,厂界噪声,,,,,本项目产生的噪声做好防护设施后再经自然衰减后，可使项目厂界噪声达《工业 企业厂界环境噪声排放标准》（GB12348-2008）3类、4类标准要求，对周围环境影 响不大。建议拟建工程采取以下治理措施： ①在噪声源控制方面，优先选用低噪声设备，在技术协议中对厂家产品的噪声指 标提出要求，使之满足噪声的有关标准。 ②在传播途径控制方面，应尽量把噪声控制在生产车间内，可在生产车间安装隔 声门窗。 ③在总平面布置上，项目尽量将高噪声设备布置在生产车间远离厂区办公区，远 离厂界，以减小运行噪声对厂界处噪声的贡献值，同时加强场区及厂界的绿化，形成 降噪绿化带。 ④加强设备维护，确保设备处于良好的运转状态，杜绝因设备不正常运转时产生 的高噪声现象。 ③加强职工环保意识教育，提倡文明生产，防止人为噪声；强化行车管理制度，,,partial,标准正确但限值缺失
佛山市顺德区菱昌精密塑料五金实业有限公司新建项目,2024,四、主要环境影响和保护措施,噪声排放标准/控制要求,声环境,工业企业厂界环境噪声排放标准,GB12348-2008,厂界,厂界,厂界噪声,,,,,监测点位 厂界北面N1 厂界南面N2 | 监测时段 监测频次 | | 执行排放标准名称 《工业企业厂界环境噪声排放 标准》（GB12348-2008）中的 | 厂界噪声排放限值 昼间dB(A) 70,,partial,标准正确但限值缺失
佛山市顺德区菱昌精密塑料五金实业有限公司新建项目,2024,四、主要环境影响和保护措施,噪声排放标准/控制要求,固体废物,工业企业厂界环境噪声排放标准,GB12348-2008,厂界；危险废物,厂界,,,表4,,,厂界西面N3 厂界东面N4 4、固体废物 本项目运营期产生的固体废物主要有生活垃圾、一般工业固体废物和危险废物。 项目一般固体废物产生情况见表4-17，危险废物产生情况见表4-18，危险废物贮存场 所（设施）基本情况见表4-19。 | 1次/季度 备注：夜间不生产，故置夜间不进行监测。 | 4类标准 《工业企业厂界环境噪声排放 标准》（GB12348-2008）中的 3类标准 | | 65,,invalid_cross_block,表格行/环境要素与标准类型不一致
佛山市顺德区菱昌精密塑料五金实业有限公司新建项目,2024,四、主要环境影响和保护措施,水污染物排放标准/控制要求,地表水环境,水污染物排放限值,DB44/26-2001,生活污水；三级化粪池,,SS,,三级,,,生活污水主要污染物有 $\mathrm { C O D } _ { \mathrm { C r } }$ 、 $\mathrm { B O D } _ { 5 }$ 、 $\mathrm { N H } _ { 3 ^ { - } } \mathrm { N }$ 、SS 等，项目生活污水经三级化粪池处理后达到广东省地方标准《水污染物排放限值》（DB44/26-2001）第二时段三级标准，通过市政污水管网进入大门污水处理厂集中处理，经处理后的尾水达标排入顺德支流。,,partial,标准正确但限值缺失
佛山市顺德区菱昌精密塑料五金实业有限公司新建项目,2024,四、主要环境影响和保护措施,水污染物排放标准/控制要求,地表水环境,水污染物排放限值,DB44/26-2001,生活污水,,,废水排放控制要求,三级,,,生活污水经预处理达到广东省地方标准《水污染物排放限值》(DB44/26-2001) 第二时段三级标准后，排入大门污水处理厂处理，尾水排入顺德支流。,,partial,未拆到单一污染因子，以管理/控制事项暂存
佛山市顺德区菱昌精密塑料五金实业有限公司新建项目,2024,四、主要环境影响和保护措施,噪声排放标准/控制要求,声环境,工业企业厂界环境噪声排放标准,GB12348-2008,厂界,厂界,厂界噪声,,,70,dB,从上表结果可知，项目运营期间，设备采取降噪措施后，项目北面厂界噪声达到《工业企业厂界环境噪声排放标准》（GB12348-2008）中的4类标准（昼间等效声级≤70dB（A）），西面、南面、东面厂界噪声达到《工业企业厂界环境噪声排放标准》（GB12348-2008）中的 3 类标准（昼间等效声级≤65dB（A））。,,valid,
佛山市顺德区菱昌精密塑料五金实业有限公司新建项目,2024,四、主要环境影响和保护措施,噪声排放标准/控制要求,声环境,工业企业厂界环境噪声排放标准,GB12348-2008,厂界,厂界,厂界噪声,,,70,dB,本项目周围50m范围内无环境敏感目标，在做好噪声防护工作后，能使北面厂界噪声达到《工业企业厂界环境噪声排放标准》（GB12348-2008）中的4类标准（昼间等效声级≤70dB（A）），西面、南面、东面厂界噪声达到《工业企业厂界环境噪声排放标准》（GB12348-2008）中的3 类标准（昼间等效声级≤65dB（A）），预计达标排放的噪声对周围环境影响不大。,,valid,
佛山市顺德区菱昌精密塑料五金实业有限公司新建项目,2024,四、主要环境影响和保护措施,固体废物/危险废物管理标准,固体废物,危险废物贮存污染控制标准,GB18597-2023,危险废物,,,危险废物贮存要求,,按危险废物贮存污染控制要求执行,,危险废物贮存场所须满足《危险废物贮存污染控制标准》（GB 18597-2023）相关要求，危险废物委托有资质的单位进行处理处置。,,valid,
佛山市顺德区菱昌精密塑料五金实业有限公司新建项目,2024,四、主要环境影响和保护措施,固体废物/危险废物管理标准,固体废物,危险废物贮存污染控制标准,GB18597-2023,危险废物,,,危险废物贮存要求,,按危险废物贮存污染控制要求执行,,危险废物从产生、收集、贮运、转运、处置等各个环节都可能因管理不善而进入环境，因此在各个环节中，抛落、渗漏、丢弃等不完善问题都可能存在，为了使各种危险废物能更好的达到合法合理处置的目的，本评价按照《危险废物贮存污染控制标准》（GB18597-2023）等国家相关法律，提出相应的治理措施，以进一步规范项目在收集、贮运、处置方式等操作过程。,,valid,
佛山市顺德区菱昌精密塑料五金实业有限公司新建项目,2024,四、主要环境影响和保护措施,固体废物/危险废物管理标准,固体废物,危险废物贮存污染控制标准,GB18597-2023,危险废物,,,危险废物贮存要求,,按危险废物贮存污染控制要求执行,,因此，建设单位应根据废物特性设置符合《危险废物贮存污染控制标准》（GB18597-2023）要求的危险废物暂存场所，且在暂存场所上空设有防雨淋设施，地面采取防渗措施，危险废物收集后分别临时贮存于废物储罐内；,,valid,
佛山市顺德区菱昌精密塑料五金实业有限公司新建项目,2024,四、主要环境影响和保护措施,水污染物排放标准/控制要求,地表水环境,水污染物排放限值,DB44/26-2001,生活污水；三级化粪池,,,废水排放控制要求,三级,,,本项目生活污水经三级化粪池处理后的达到广东省地方标准《水污染物排放限值》（DB44/26-2001）第二时段三级标准后，排入大门污水处理厂处理，尾水排入顺德支流。,,partial,未拆到单一污染因子，以管理/控制事项暂存
佛山市顺德区菱昌精密塑料五金实业有限公司新建项目,2024,五、环境保护措施监督检查清单,大气污染物排放标准/控制要求,大气环境,合成树脂工业污染物排放标准,GB31572-2015,DA001；排气筒；有组织,有组织,NMHC,,表4；表1,,,大气环境 | 有组织（DA001） | 吸塑、折边 | NMHC | 经包围型（集气罩+幕帘）集气罩收集后通过“活性炭吸附”处理设施处理后引至30米高排气筒（DA001）排放 | 《合成树脂工业污染物排放标准》（GB31572-2015，含 2024年修改单）中表4规定的大气污染物排放限值及广东省《固定污染源挥发性有机化合物综合排放标准》（DB44/2367-2022）中表1挥发性有机物排放限值二者较严值,,partial,标准正确但限值缺失
佛山市顺德区菱昌精密塑料五金实业有限公司新建项目,2024,五、环境保护措施监督检查清单,大气污染物排放标准/控制要求,大气环境,固定污染源挥发性有机物综合排放标准,DB44/2367-2022,DA001；排气筒；有组织,有组织,NMHC,,表4；表1,,,大气环境 | 有组织（DA001） | 吸塑、折边 | NMHC | 经包围型（集气罩+幕帘）集气罩收集后通过“活性炭吸附”处理设施处理后引至30米高排气筒（DA001）排放 | 《合成树脂工业污染物排放标准》（GB31572-2015，含 2024年修改单）中表4规定的大气污染物排放限值及广东省《固定污染源挥发性有机化合物综合排放标准》（DB44/2367-2022）中表1挥发性有机物排放限值二者较严值,,partial,标准正确但限值缺失
佛山市顺德区菱昌精密塑料五金实业有限公司新建项目,2024,五、环境保护措施监督检查清单,大气污染物排放标准/控制要求,大气环境,恶臭污染物排放标准,GB14554-93,,,臭气浓度,,表2,,,臭气浓度 | 《恶臭污染物排放标准》（GB14554-93）中表2恶臭污染物排放标准值,,partial,标准正确但适用对象缺失
佛山市顺德区菱昌精密塑料五金实业有限公司新建项目,2024,五、环境保护措施监督检查清单,大气污染物排放标准/控制要求,大气环境,恶臭污染物排放标准,GB14554-93,厂界；无组织,无组织,臭气浓度,,表1；二级,,,厂界无组织 | 吸塑、折边 | 臭气浓度 | 以无组织形式排放至车间内，加强车间通风换气 | 《恶臭污染物排放标准》（GB14554-93）表1恶臭污染物厂界标准值二级新扩改建限值,,partial,标准正确但限值缺失
佛山市顺德区菱昌精密塑料五金实业有限公司新建项目,2024,五、环境保护措施监督检查清单,大气污染物排放标准/控制要求,大气环境,固定污染源挥发性有机物综合排放标准,DB44/2367-2022,厂区内；无组织,无组织,NMHC,,表3,,,厂区内无组织 | 吸塑、折边 | NMHC | / | 广东省地方标准《固定污染源挥发性有机物综合排放标准》（DB44/2367-2022)表3厂区内VOCs无组织排放限值,,partial,标准正确但限值缺失
佛山市顺德区菱昌精密塑料五金实业有限公司新建项目,2024,五、环境保护措施监督检查清单,水污染物排放标准/控制要求,地表水环境,水污染物排放限值,DB44/26-2001,生活污水；三级化粪池,,CODCr,,三级,,,地表水环境 | 生活污水 | CODcr | 生活污水经三级化粪池处理后排至大门污水处理厂处理，尾水排入顺德支流 | 广东省《水污染物排放限值》（DB44/26-2001）第二时段三级标准,,partial,标准正确但限值缺失
佛山市顺德区菱昌精密塑料五金实业有限公司新建项目,2024,五、环境保护措施监督检查清单,噪声排放标准/控制要求,声环境,工业企业厂界环境噪声排放标准,GB12348-2008,厂界,厂界,,,,,,声环境 | 生产设备 | 建议合理布局厂房，使用低噪声的生产设备，墙体隔音、距离衰减 | 《工业企业厂界环境噪声排放标准》（GB12348-2008）3类、4类标准,,partial,未抽到合规污染因子
佛山市顺德区菱昌精密塑料五金实业有限公司新建项目,2024,五、环境保护措施监督检查清单,固体废物/危险废物管理标准,固体废物,危险废物贮存污染控制标准,GB18597-2023,危险废物,,,危险废物贮存要求,,按危险废物贮存污染控制要求执行,,固体废 物 土壤及 | 体废物贮存及处置应符合法律法规及国家污染物控制标准要求。一般工业固废经 收集后交由专业回收公司回收处理，一般工业固体废物贮存过程应满足相应防渗 漏、防雨淋、防扬尘等环境保护要求，并依法处理处置；危险废物贮存场所须满 足《危险废物贮存污染控制标准》（GB18597-2023）相关要求，危险废物委托有 资质的单位进行处理处置。生活垃圾交由环卫部门处理。,,valid,
佛山市顺德区菱昌精密塑料五金实业有限公司新建项目,2024,五、环境保护措施监督检查清单,固体废物/危险废物管理标准,大气环境,危险废物贮存污染控制标准,GB18597-2023,厂区内；危废暂存间,,,危险废物贮存要求,,按危险废物贮存污染控制要求执行,,地下水 污染防 治措施 生态保 护措施 | 厂区内应进行硬底化处理，项目危废暂存间、原料仓库油类存放区应严格按照《危 险废物贮存污染控制标准》（GB18597-2023）有关规范设计，按要求做好防渗措 施；生产车间、一般固废暂存间、原料仓库等一般区域按要求采取防渗措施。 采取适当的环境保护治理措施后，并且加强管理和监督，项目产生的废气污染物、 水污染物及噪声均达标排放，项目在营运期间不会对周边的生态环境造成明显的 不利影响。,,invalid_cross_block,表格行/环境要素与标准类型不一致
