standard_ref,count,suggested_skill,example_file,example_line,example_snippet,review_status
DB44/26-2001,458,07_污染物排放标准审核,05_样本链（按项目组织）/EXCLUDED_001/04_修改意见_补正通知/001_EXCLUDED_001_066_20240618佛山市顺德区博立源五金制品有限公司建设项目环境影响报告表修改意见_gpt.md,394,| 污染物排放控制标准 | 1、水污染物排放标准<br>项目所在片区属于逢简工业园污水处理站的纳污范围。项目外排废水主要为员工生活污水，经相应预处理达标后排入园区污水管网，生活污水执行广东省地方标准《水污染物排放限值》（DB44/ 26-2001）第二时段三级标准，达标处理废水由园区污水管网汇入逢简工业园污水处理站集中处理，污水站尾水水质执行《顺德区人民政府办公室关于印发顺德区污水治理工程和运营管理暂行办法的通知》（顺府办〔2013〕1,manual_check_needed
GB 31572-2015,248,07_污染物排放标准审核,05_样本链（按项目组织）/EXCLUDED_003/01_受理公告/003_EXCLUDED_003_S07_电子电器_佛山顺德_广东奥荣电器有限公司扩建项目_报告表_gpt.md,155,| 排放水平 | 塑料制品行业：a）有机废气排气筒排放浓度不高于广东省《大气污染物排放限值》（DB4427-2001）第Ⅱ时段排放限值，合成革和人造革制造企业排放浓度不高于《合成革与人造革工业污染物排放标准》（GB21902-2008）排放限值，若国家和我省出台并实施适用于塑料制品制造业的大气污染物排放标准，则有机废气排气筒排放浓度不高于相应的排放限值；车间或生产设施排气中NMHC初始排放速率≥3kg/h时，建设VOCs处理设施且处理效,manual_check_needed
GB 14554-93,204,07_污染物排放标准审核,05_样本链（按项目组织）/EXCLUDED_003/01_受理公告/003_EXCLUDED_003_S07_电子电器_佛山顺德_广东奥荣电器有限公司扩建项目_报告表_gpt.md,869,| 污染物排放控制标准 | 1.水污染物排放标准<br>项目运营期生产废水经“调节-初沉-二沉-水解酸化-好氧-终沉”工艺处理、生活污水经“厌氧+好氧”工艺处理，达标后再排入南沙十字涌。<br>根据《佛山市顺德区生态环境保护“十四五”规划（2021-2025）》（顺府办发[2022]16号）（见附图8），“十四五”规划内南沙十字涌水质预计达Ⅳ类。但根据顺德区住房城乡建设和水务局每月发布的主要河涌水质月报，南沙十字涌目前实施Ⅴ类水质质量标,manual_check_needed
GB 18918-2002,196,manual_check_needed,05_样本链（按项目组织）/EXCLUDED_002/04_修改意见_补正通知/002_EXCLUDED_002_202209161458447817报告表（全本）—佛山市斯佳喷涂有限公司建设项目修改意见_gpt.md,91,| 其他符合性分析 | 1、选址合理性分析<br>本项目选址于广东省佛山市顺德区杏坛镇高赞村二环路8号顺德智富园28栋802之一，根据本项目的不动产权证书：粤（2021）佛顺 不动产权第0008229号（详见附件4）、项目所在区域的控制性详细规划图（详见附图9）可知：项目所在地属于工业用地，本项目未改变用地性质。因此，项目用地符合当地规划。<br>2、产业政策相符性分析<br>本项目主要从事塑料制品和金属制品喷漆加工，项目生产产品、生产,manual_check_needed
DB44/2367-2022,178,07_污染物排放标准审核,05_样本链（按项目组织）/EXCLUDED_001/04_修改意见_补正通知/001_EXCLUDED_001_066_20240618佛山市顺德区博立源五金制品有限公司建设项目环境影响报告表修改意见_gpt.md,232,| 8.6 | 其他表面涂装行业：a）2002年1月1日前的建设项目排放的工艺有机废气排放浓度执行《大气污染物排放限值》（DB44/ 27-2001）第一时段限值；2002年1月1日起的建设项目排放的有机废气排放浓度执行《大气污染物排放限值》（DB 4427-2001）第二时段限值；车间或生产设施排气中NMHC初始排放速率≥3kg/h时，建设VOCS处理设施且处理效率≥80%；b）厂区内无组织排放监控点NMHC的小时平均浓度值不超过6m,manual_check_needed
GB 12348-2008,159,06_环境质量执行标准审核,05_样本链（按项目组织）/EXCLUDED_001/04_修改意见_补正通知/001_EXCLUDED_001_066_20240618佛山市顺德区博立源五金制品有限公司建设项目环境影响报告表修改意见_gpt.md,394,| 污染物排放控制标准 | 1、水污染物排放标准<br>项目所在片区属于逢简工业园污水处理站的纳污范围。项目外排废水主要为员工生活污水，经相应预处理达标后排入园区污水管网，生活污水执行广东省地方标准《水污染物排放限值》（DB44/ 26-2001）第二时段三级标准，达标处理废水由园区污水管网汇入逢简工业园污水处理站集中处理，污水站尾水水质执行《顺德区人民政府办公室关于印发顺德区污水治理工程和运营管理暂行办法的通知》（顺府办〔2013〕1,manual_check_needed
DB44/27-2001,155,07_污染物排放标准审核,05_样本链（按项目组织）/EXCLUDED_001/04_修改意见_补正通知/001_EXCLUDED_001_066_20240618佛山市顺德区博立源五金制品有限公司建设项目环境影响报告表修改意见_gpt.md,232,| 8.6 | 其他表面涂装行业：a）2002年1月1日前的建设项目排放的工艺有机废气排放浓度执行《大气污染物排放限值》（DB44/ 27-2001）第一时段限值；2002年1月1日起的建设项目排放的有机废气排放浓度执行《大气污染物排放限值》（DB 4427-2001）第二时段限值；车间或生产设施排气中NMHC初始排放速率≥3kg/h时，建设VOCS处理设施且处理效率≥80%；b）厂区内无组织排放监控点NMHC的小时平均浓度值不超过6m,manual_check_needed
GB 3095-2012,128,05_环境质量现状数据审核,05_样本链（按项目组织）/EXCLUDED_001/04_修改意见_补正通知/001_EXCLUDED_001_066_20240618佛山市顺德区博立源五金制品有限公司建设项目环境影响报告表修改意见_gpt.md,392,| 区域环境质量现状 | 1、水环境质量现状<br>项目生活污水经三级化粪池预处理后由园区污水管网排至逢简工业区污水处理站集中处理，处理达标后排入逢简大涌，最后汇入顺德支流。生产废水经“调节+混凝+沉淀+砂滤”处理后，循环使用，定期更换，不外排；根据《佛山市顺德区人民政府办公室关于〈佛山市顺德区生态环境保护“十四五”规划（2021-2025）〉的通知》（顺府办发〔2022〕16号）的附图，顺德支流执行《地表水环境质量标准》（GB 383,manual_check_needed
GB 3838-2002,97,05_环境质量现状数据审核,05_样本链（按项目组织）/EXCLUDED_001/04_修改意见_补正通知/001_EXCLUDED_001_066_20240618佛山市顺德区博立源五金制品有限公司建设项目环境影响报告表修改意见_gpt.md,392,| 区域环境质量现状 | 1、水环境质量现状<br>项目生活污水经三级化粪池预处理后由园区污水管网排至逢简工业区污水处理站集中处理，处理达标后排入逢简大涌，最后汇入顺德支流。生产废水经“调节+混凝+沉淀+砂滤”处理后，循环使用，定期更换，不外排；根据《佛山市顺德区人民政府办公室关于〈佛山市顺德区生态环境保护“十四五”规划（2021-2025）〉的通知》（顺府办发〔2022〕16号）的附图，顺德支流执行《地表水环境质量标准》（GB 383,manual_check_needed
GB 18597-2023,78,14_危险废物识别审核,05_样本链（按项目组织）/EXCLUDED_001/04_修改意见_补正通知/001_EXCLUDED_001_066_20240618佛山市顺德区博立源五金制品有限公司建设项目环境影响报告表修改意见_gpt.md,394,| 污染物排放控制标准 | 1、水污染物排放标准<br>项目所在片区属于逢简工业园污水处理站的纳污范围。项目外排废水主要为员工生活污水，经相应预处理达标后排入园区污水管网，生活污水执行广东省地方标准《水污染物排放限值》（DB44/ 26-2001）第二时段三级标准，达标处理废水由园区污水管网汇入逢简工业园污水处理站集中处理，污水站尾水水质执行《顺德区人民政府办公室关于印发顺德区污水治理工程和运营管理暂行办法的通知》（顺府办〔2013〕1,manual_check_needed
HJ 169-2018,73,manual_check_needed,05_样本链（按项目组织）/EXCLUDED_001/04_修改意见_补正通知/001_EXCLUDED_001_066_20240618佛山市顺德区博立源五金制品有限公司建设项目环境影响报告表修改意见_gpt.md,513,| 运营期环境影响和保护措施 | 废水<br>项目废水类别、污染物项目及污染防治设施见下表。<br>表4-1 项目水污染物产生及排放情况表<br>（1）废水源强分析<br>本项目营运期间产生的废水主要为生活污水和生产废水。<br>1）生活污水<br>项目劳动定员为20人，均不在厂区内食宿，根据广东省地方标准《用水定额 第3部分：生活》（DB44/T 1461.3-2021），无食堂和浴室的办公楼用水定额为10m3/a，则项目生活用水年用,manual_check_needed
GB 37824-2019,64,manual_check_needed,05_样本链（按项目组织）/NEW_PL007/04_修改意见_补正通知/202308241425475953佛山市皇秀涂料有限公司修改意见_mineru.md,51,"<table><tr><td><p>建设项目名称</p></td><td colspan=""3""><p>佛山市皇秀涂料有限公司搬迁扩建项目</p></td></tr><tr><td><p>项目代码</p></td><td colspan=""3""><p>无</p></td></tr><tr><td><p>建设单位联系人</p></td><td><p>李永亮</p></td><td><p>联系方式</p></td><td><p>138222",manual_check_needed
HJ 819-2017,61,manual_check_needed,05_样本链（按项目组织）/EXCLUDED_001/04_修改意见_补正通知/001_EXCLUDED_001_066_20240618佛山市顺德区博立源五金制品有限公司建设项目环境影响报告表修改意见_gpt.md,513,| 运营期环境影响和保护措施 | 废水<br>项目废水类别、污染物项目及污染防治设施见下表。<br>表4-1 项目水污染物产生及排放情况表<br>（1）废水源强分析<br>本项目营运期间产生的废水主要为生活污水和生产废水。<br>1）生活污水<br>项目劳动定员为20人，均不在厂区内食宿，根据广东省地方标准《用水定额 第3部分：生活》（DB44/T 1461.3-2021），无食堂和浴室的办公楼用水定额为10m3/a，则项目生活用水年用,manual_check_needed
HJ 1122-2020,59,08_产污系数适用性审核,05_样本链（按项目组织）/EXCLUDED_002/04_修改意见_补正通知/002_EXCLUDED_002_202209161458447817报告表（全本）—佛山市斯佳喷涂有限公司建设项目修改意见_gpt.md,147,| 运营<br>期环<br>境影<br>响和<br>保护<br>措施 | 废水<br>本项目废水类别、污染物种类及污染防治设施见下表。<br>表4-1 项目废水类别、污染物种类、排放形式及污染防治设施一览表<br>产排污环节<br>职工生活<br>装置<br>—<br>类别<br>生活污水<br>污染物种类<br>CODCr<br>BOD5<br>SS<br>NH3-N<br>污染物产生情况<br>核算方法<br>类比法<br><br>,manual_check_needed
GB 14554-1993,57,07_污染物排放标准审核,05_样本链（按项目组织）/EXCLUDED_004/01_受理公告/004_EXCLUDED_004_S08_电子电器_佛山顺德_佛山市凌睿电子科技有限公司新建项目_报告表_gpt.md,119,| 运营期环境影响和保护措施 | 运营期环境影响 <br>1、废气 <br>表4-1 项目废气产污环节、污染物种类、排放形式及污染防治设施一览表<br>主要生产单元<br>生产工艺<br>污染物项目<br>排放形式<br>污染防治设施<br>排放口类型<br><br><br>污染防治设施名称及工艺<br>是否为可行性技术<br><br>遥控器控制板<br>焊锡、刷三防漆<br>VOCs、臭气浓度<br>有组织<br>集气罩+两级活性炭吸,manual_check_needed
GB 18597-2001,48,14_危险废物识别审核,05_样本链（按项目组织）/EXCLUDED_002/04_修改意见_补正通知/002_EXCLUDED_002_202209161458447817报告表（全本）—佛山市斯佳喷涂有限公司建设项目修改意见_gpt.md,125,| 污染<br>物排<br>放控<br>制标<br>准 | 1、水污染物排放标准<br>（1）生活污水<br>项目生活污水经三级化粪池预处理达到广东省地方标准《水污染物排放限值》（DB44/26-2001）的第二时段三级标准后经市政管网纳入杏坛污水处理厂处理，污水厂尾水执行广东省地方标准《水污染物排放限值》(DB44/26-2001)“城镇二级污水处理厂”第二时段一级标准和《城镇污水处理厂污染物排放标准》（GB18918－2002）一级,manual_check_needed
GB 37822-2019,45,07_污染物排放标准审核,05_样本链（按项目组织）/EXCLUDED_001/04_修改意见_补正通知/001_EXCLUDED_001_066_20240618佛山市顺德区博立源五金制品有限公司建设项目环境影响报告表修改意见_gpt.md,238,| 9、《挥发性有机物无组织排放控制标准》（GB 37822-2019） |  |  |  |,manual_check_needed
GB 3096-2008,44,06_环境质量执行标准审核,05_样本链（按项目组织）/EXCLUDED_002/04_修改意见_补正通知/002_EXCLUDED_002_202209161458447817报告表（全本）—佛山市斯佳喷涂有限公司建设项目修改意见_gpt.md,123,| 现状 | 1、环境空气质量现状<br>本项目位于广东省佛山市顺德区杏坛镇高赞村二环路8号顺德智富园28栋802之一，据《佛山市人民政府办公室关于调整顺德区环境空气质量功能区划的复函》（佛府办函[2014]494号，2014年8月）和佛山市顺德区人民政府办公室关于印发《佛山市顺德区生态环境保护“十四五”规划（2021-2025）》的通知，顺德区全境为大气环境二类区，因此本项目所在区域属二类环境空气质量功能区，执行《环境空气质量标准》（,manual_check_needed
DB44/815-2010,44,manual_check_needed,05_样本链（按项目组织）/EXCLUDED_003/01_受理公告/003_EXCLUDED_003_S07_电子电器_佛山顺德_广东奥荣电器有限公司扩建项目_报告表_gpt.md,318,| 与项目有关的原有环境污染问题 | 本项目在原厂基础上扩建，原有污染类型有废气、废水、固废、噪声。<br>公司历年环保手续履行情况表<br>本次环评结合本项目企业上一次环评报告等对现有项目进行阐述。<br>原项目污染源分析<br>原项目塑料配件生产<br>原项目内胆生产<br>原项目外壳生产<br>原项目总装<br>1、废水<br>（1）生活污水<br>原项目厂区员工人数600人，均不在厂区内食宿，产生生活污水5400t/a。根据现有,manual_check_needed
HJ 1207-2021,39,manual_check_needed,05_样本链（按项目组织）/EXCLUDED_002/04_修改意见_补正通知/002_EXCLUDED_002_202209161458447817报告表（全本）—佛山市斯佳喷涂有限公司建设项目修改意见_gpt.md,91,| 其他符合性分析 | 1、选址合理性分析<br>本项目选址于广东省佛山市顺德区杏坛镇高赞村二环路8号顺德智富园28栋802之一，根据本项目的不动产权证书：粤（2021）佛顺 不动产权第0008229号（详见附件4）、项目所在区域的控制性详细规划图（详见附图9）可知：项目所在地属于工业用地，本项目未改变用地性质。因此，项目用地符合当地规划。<br>2、产业政策相符性分析<br>本项目主要从事塑料制品和金属制品喷漆加工，项目生产产品、生产,manual_check_needed
HJ 2026-2013,38,13_活性炭参数审核,05_样本链（按项目组织）/EXCLUDED_003/01_受理公告/003_EXCLUDED_003_S07_电子电器_佛山顺德_广东奥荣电器有限公司扩建项目_报告表_gpt.md,1138,"| 运运营期环境影响和保护措施 | （1）大气污染源强分析<br>1）注塑工序VOCs<br>本项目在注塑工序过程需对PP、ABS进行熔融加热到170℃左右软化，加热均未达到所用塑料分解温度（ABS>260℃、PP>350℃），加热过程中原料仅有少量未聚合的单体在高温下挥发出来，苯乙烯、丙烯腈、1,3-丁二烯、甲苯、乙苯产生量极少，不进行定量分析，以非甲烷总烃计。<br>本次项目注塑工序会产生一定量VOCs，根据《排放源统计调查产排污核",manual_check_needed
GB 27632,38,manual_check_needed,05_样本链（按项目组织）/REVIEW_002/01_受理公告/002_REVIEW_002_077_佛山市顺德区杏坛镇高赞国明橡胶五金制品厂扩建项目环境影响评价报告表修改意见_gpt.md,131,| 污染<br>物排<br>放控<br>制标<br>准 | 1、水污染物：<br>本项目生活污水经三级化粪池处理后达到广东省《水污染物排放限值》(DB44/26-2001) 第二时段三级标准排入杏坛污水处理厂，以及生产废水经厂内自建污水站“涡旋沉淀池—气浮机—过滤—活性炭过滤”处理后，达到《橡胶制品工业污染物排放标准》（GB27632－2011）表2新建企业水污染物排放限制（间接排放限制）标准排入杏坛污水处理厂，杏坛污水处理厂尾水达到广,manual_check_needed
DB4427-2001,31,manual_check_needed,05_样本链（按项目组织）/EXCLUDED_003/01_受理公告/003_EXCLUDED_003_S07_电子电器_佛山顺德_广东奥荣电器有限公司扩建项目_报告表_gpt.md,155,| 排放水平 | 塑料制品行业：a）有机废气排气筒排放浓度不高于广东省《大气污染物排放限值》（DB4427-2001）第Ⅱ时段排放限值，合成革和人造革制造企业排放浓度不高于《合成革与人造革工业污染物排放标准》（GB21902-2008）排放限值，若国家和我省出台并实施适用于塑料制品制造业的大气污染物排放标准，则有机废气排气筒排放浓度不高于相应的排放限值；车间或生产设施排气中NMHC初始排放速率≥3kg/h时，建设VOCs处理设施且处理效,manual_check_needed
GB 18599-2020,30,14_危险废物识别审核,05_样本链（按项目组织）/EXCLUDED_001/04_修改意见_补正通知/001_EXCLUDED_001_066_20240618佛山市顺德区博立源五金制品有限公司建设项目环境影响报告表修改意见_gpt.md,513,| 运营期环境影响和保护措施 | 废水<br>项目废水类别、污染物项目及污染防治设施见下表。<br>表4-1 项目水污染物产生及排放情况表<br>（1）废水源强分析<br>本项目营运期间产生的废水主要为生活污水和生产废水。<br>1）生活污水<br>项目劳动定员为20人，均不在厂区内食宿，根据广东省地方标准《用水定额 第3部分：生活》（DB44/T 1461.3-2021），无食堂和浴室的办公楼用水定额为10m3/a，则项目生活用水年用,manual_check_needed
GB 41616-2022,29,manual_check_needed,05_样本链（按项目组织）/EXCLUDED_003/01_受理公告/003_EXCLUDED_003_S07_电子电器_佛山顺德_广东奥荣电器有限公司扩建项目_报告表_gpt.md,318,| 与项目有关的原有环境污染问题 | 本项目在原厂基础上扩建，原有污染类型有废气、废水、固废、噪声。<br>公司历年环保手续履行情况表<br>本次环评结合本项目企业上一次环评报告等对现有项目进行阐述。<br>原项目污染源分析<br>原项目塑料配件生产<br>原项目内胆生产<br>原项目外壳生产<br>原项目总装<br>1、废水<br>（1）生活污水<br>原项目厂区员工人数600人，均不在厂区内食宿，产生生活污水5400t/a。根据现有,manual_check_needed
顺府发〔2021〕11号,26,03_三线一单符合性审核,05_样本链（按项目组织）/EXCLUDED_001/04_修改意见_补正通知/001_EXCLUDED_001_066_20240618佛山市顺德区博立源五金制品有限公司建设项目环境影响报告表修改意见_gpt.md,105,| 其他符合性分析 | 1、与城市规划相符性分析<br>佛山市顺德区博立源五金制品有限公司新建项目位于广东省佛山市顺德区杏坛镇逢简工业区横二路3号厂房之四，根据本项目所在地用地规划《顺德区产业发展保护区划定方案》，本项目属于产业发展保护区，本项目位于XT5逢简产业发展保护区内（详见附图13）。因此本项目用地符合当地规划。<br>2、产业政策符合性<br>项目所属行业为C3360 金属表面处理及热处理加工和C3399 其他未列明金属制品制,manual_check_needed
GB /T 38597-2020,25,manual_check_needed,05_样本链（按项目组织）/EXCLUDED_001/04_修改意见_补正通知/001_EXCLUDED_001_066_20240618佛山市顺德区博立源五金制品有限公司建设项目环境影响报告表修改意见_gpt.md,251,"| 建设内容 | 佛山市顺德区博立源五金制品有限公司新建项目（以下简称“本项目”）（统一社会信用代码：91440606MACGWTQG32）选址于广东省佛山市顺德区杏坛镇逢简工业区横二路3号厂房之四，厂址所在地中心坐标：东经113°8'55.912""，北纬22°48'22.301""（具体位置详见附图1），本项目租用所在建筑物为一座一层厂房（其中办公室上有夹层、废气治理设施下有夹层，废水治理设施上有夹层），占地面积约2000m2，建筑面积",manual_check_needed
GB 18599-2001,20,14_危险废物识别审核,05_样本链（按项目组织）/EXCLUDED_001/04_修改意见_补正通知/001_EXCLUDED_001_066_20240618佛山市顺德区博立源五金制品有限公司建设项目环境影响报告表修改意见_gpt.md,513,| 运营期环境影响和保护措施 | 废水<br>项目废水类别、污染物项目及污染防治设施见下表。<br>表4-1 项目水污染物产生及排放情况表<br>（1）废水源强分析<br>本项目营运期间产生的废水主要为生活污水和生产废水。<br>1）生活污水<br>项目劳动定员为20人，均不在厂区内食宿，根据广东省地方标准《用水定额 第3部分：生活》（DB44/T 1461.3-2021），无食堂和浴室的办公楼用水定额为10m3/a，则项目生活用水年用,manual_check_needed
HJ 576-2010,20,manual_check_needed,05_样本链（按项目组织）/EXCLUDED_003/01_受理公告/003_EXCLUDED_003_S07_电子电器_佛山顺德_广东奥荣电器有限公司扩建项目_报告表_gpt.md,1138,"| 运运营期环境影响和保护措施 | （1）大气污染源强分析<br>1）注塑工序VOCs<br>本项目在注塑工序过程需对PP、ABS进行熔融加热到170℃左右软化，加热均未达到所用塑料分解温度（ABS>260℃、PP>350℃），加热过程中原料仅有少量未聚合的单体在高温下挥发出来，苯乙烯、丙烯腈、1,3-丁二烯、甲苯、乙苯产生量极少，不进行定量分析，以非甲烷总烃计。<br>本次项目注塑工序会产生一定量VOCs，根据《排放源统计调查产排污核",manual_check_needed
GB 50974-2014,19,manual_check_needed,05_样本链（按项目组织）/EXCLUDED_003/01_受理公告/003_EXCLUDED_003_S07_电子电器_佛山顺德_广东奥荣电器有限公司扩建项目_报告表_gpt.md,2187,《消防给水及消火栓系统技术规范》(GB50974-2014)；,manual_check_needed
GB /T 50050-2017,18,manual_check_needed,05_样本链（按项目组织）/NEW_PL002/04_修改意见_补正通知/1、佛山市顺德区新展业塑料五金厂改扩建项目修改意见_mineru.md,52,<table><tr><td><p>建设内容</p></td><td><p><strong>1、本建设项目概况</strong></p><p>改扩建前，佛山市顺德区新展业塑料五金厂（即本项目）位于佛山市顺德区杏坛镇高赞村委会高西工业区南3号之一。项目于2020年11月27日取得佛山市生态环境局《关于佛山市顺德区新展业塑料五金厂新建项目环境影响报告表的批复》（编号：佛环0310环审[2020]第0382号）。改扩建前，项目于2021年1月,manual_check_needed
粤环办〔2021〕43号,17,15_VOCs总量控制审核,05_样本链（按项目组织）/EXCLUDED_001/04_修改意见_补正通知/001_EXCLUDED_001_066_20240618佛山市顺德区博立源五金制品有限公司建设项目环境影响报告表修改意见_gpt.md,226,| 8、关于印发《广东省涉挥发性有机物（VOCS）重点行业治指引》的通知（粤环办〔2021〕43号） |  |  |  |,manual_check_needed
HJ 1124-2020,16,manual_check_needed,05_样本链（按项目组织）/EXCLUDED_001/04_修改意见_补正通知/001_EXCLUDED_001_066_20240618佛山市顺德区博立源五金制品有限公司建设项目环境影响报告表修改意见_gpt.md,513,| 运营期环境影响和保护措施 | 废水<br>项目废水类别、污染物项目及污染防治设施见下表。<br>表4-1 项目水污染物产生及排放情况表<br>（1）废水源强分析<br>本项目营运期间产生的废水主要为生活污水和生产废水。<br>1）生活污水<br>项目劳动定员为20人，均不在厂区内食宿，根据广东省地方标准《用水定额 第3部分：生活》（DB44/T 1461.3-2021），无食堂和浴室的办公楼用水定额为10m3/a，则项目生活用水年用,manual_check_needed
DB44/814-2010,16,manual_check_needed,05_样本链（按项目组织）/EXCLUDED_002/04_修改意见_补正通知/002_EXCLUDED_002_202209161458447817报告表（全本）—佛山市斯佳喷涂有限公司建设项目修改意见_gpt.md,125,| 污染<br>物排<br>放控<br>制标<br>准 | 1、水污染物排放标准<br>（1）生活污水<br>项目生活污水经三级化粪池预处理达到广东省地方标准《水污染物排放限值》（DB44/26-2001）的第二时段三级标准后经市政管网纳入杏坛污水处理厂处理，污水厂尾水执行广东省地方标准《水污染物排放限值》(DB44/26-2001)“城镇二级污水处理厂”第二时段一级标准和《城镇污水处理厂污染物排放标准》（GB18918－2002）一级,manual_check_needed
GB /T 39198-2020,16,manual_check_needed,05_样本链（按项目组织）/EXCLUDED_002/04_修改意见_补正通知/002_EXCLUDED_002_202209161458447817报告表（全本）—佛山市斯佳喷涂有限公司建设项目修改意见_gpt.md,149,| <br><!-- page_break --><br>运营<br>期环<br>境影<br>响和<br>保护<br>措施 | （4）废气源强核算过程<br>喷漆、烘干工序有机废气污染物<br>①、污染物产生量计算<br>本项目喷漆、烘干工序会产生有机废气，以总VOCs计。项目溶剂型涂料使用量为3.2t/a、水性涂料使用量为4.39t/a、水性环氧底漆使用量为0.24t/a、水性面漆使用量为0.32t/a。根据附件5~8，本项目使用的溶,manual_check_needed
GB 34330-2017,15,manual_check_needed,05_样本链（按项目组织）/EXCLUDED_003/01_受理公告/003_EXCLUDED_003_S07_电子电器_佛山顺德_广东奥荣电器有限公司扩建项目_报告表_gpt.md,1671,| 运营期环境影响和保护措施 | （2）预测模型<br>根据建设项目的噪声排放特点，并结合《环境影响评价技术导则 声环境》(HJ2.4-2021)的要求，工业噪声预测计算模式：<br>①单个室外的点声源在预测点产生的声级计算基本公式：<br>如已知声源的倍频带声功率级Lw，预测点位置的倍频带声压级Lp (r)计算公式：<br>Lp (r)=Lw+Dc - A ；A=Adiv+Aatm+Agr+Abar+Amisc<br>式中：<br>L,manual_check_needed
佛环〔2024〕20号,15,15_VOCs总量控制审核,05_样本链（按项目组织）/EXCLUDED_005/01_受理公告/005_EXCLUDED_005_S10_电子电器_佛山顺德_佛山市顺德区豪朗展业电器有限公司迁改建项目_报告表_gpt.md,103,| 其他符合性分析 | 1、与控制性详细规划相符性分析：<br>佛山市顺德区豪朗展业电器有限公司迁改建项目建设于佛山市顺德区勒流街道江村慧商二路4号5、6栋整栋，用于工业生产，根据《<佛山市顺德区勒流中部产业园（SD-H-02-05编制单元）控制性详细规划>修编批后公布》（见附图11），项目所在地土地利用规划为工业用地，符合要求。<br>另外，根据建设单位提供的项目厂房房产证资料（见附件3，房产证编号：粤（2024）佛顺不动产权第001,manual_check_needed
GB 31527-2015,15,manual_check_needed,05_样本链（按项目组织）/NEW_PL009/04_修改意见_补正通知/20230922114489844word版（送审稿）-佛山市新汇龙包装材料有限公司新建项目（修改意见）_mineru.md,97,<table><tr><td><p>区域环境质量现状</p></td><td><p>1、水环境质量现状</p><p>本项目外排的生活污水经南朗村分散污水处理站处理后排入附近内河涌（南朗大涌），汇入东海大河，最后汇入顺德支流。根据《佛山市顺德区生态环境保护“十四五”规划（2021-2025）》，东海大河执行《地表水环境质量标准》（GB3838-2002）中的Ⅴ类标准，顺德支流执行《地表水环境质量标准》（GB3838-2002）中的Ⅲ类标准,manual_check_needed
佛环〔2024〕1号,15,15_VOCs总量控制审核,05_样本链（按项目组织）/REVIEW_006/01_受理公告/006_REVIEW_006_S06_印刷包装_佛山顺德_广东海通达包装有限公司建设项目_报告表_gpt.md,511,| 区域<br>环境<br>质量<br>现状 | 1、大气环境<br>根据《佛山市顺德区生态环境保护“十四五”规划（2021-2025）》的通知（顺府办发〔2022〕16号），本项目所在区域（顺德区）属二类环境空气质量功能区，执行《环境空气质量标准》（GB3095-2012）二级标准及其2018年修改单的要求。<br>根据《佛山市生态环境局顺德分局关于发布<2023年度佛山市顺德区生态环境状况公报>的通知》（佛环顺函〔2024〕44号）,manual_check_needed
GB 9078-1996,14,manual_check_needed,05_样本链（按项目组织）/EXCLUDED_005/01_受理公告/005_EXCLUDED_005_S10_电子电器_佛山顺德_佛山市顺德区豪朗展业电器有限公司迁改建项目_报告表_gpt.md,436,|  | 本项目废气排放口信息见下表。<br>项目大气排放口基本情况表<br>项目属新建项目，所属行业为C3823 配电开关控制设备制造，参考《排污单位自行监测技术指南总则》（HJ819-2017）、《排污单位自行监测技术指南 涂装》（HJ1086-2020）、《排污许可证申请与核发技术规范 橡胶和塑料制品工业》（HJ1122-2020）和《排污单位自行监测技术指南 橡胶和塑料制品》（HJ1207-2021），运营期详细监测计划见下表。,manual_check_needed
粤环〔2018〕44号,14,15_VOCs总量控制审核,05_样本链（按项目组织）/EXCLUDED_005/01_受理公告/005_EXCLUDED_005_S10_电子电器_佛山顺德_佛山市顺德区豪朗展业电器有限公司迁改建项目_报告表_gpt.md,588,|  | （1）固体废物污染源强分析<br>1）员工生活垃圾<br>项目有工作人员75人，均不在厂内食宿，根据《社会区域类环境影响评价》（中国环境科学出版社），办公垃圾为0.5~1.0kg/人•d，本项目员工生活垃圾产生量按0.5kg/人•d计，年工作日按300天计算，则产生的生活垃圾量为37.5kg/d，11.25t/a。<br>2）一般工业固体废物<br>项目生产过程中产生的一般工业固体废物主要为生产过程产生的废包装材料、喷粉地脚粉,manual_check_needed
GB 18597,13,14_危险废物识别审核,05_样本链（按项目组织）/EXCLUDED_005/01_受理公告/005_EXCLUDED_005_S10_电子电器_佛山顺德_佛山市顺德区豪朗展业电器有限公司迁改建项目_报告表_gpt.md,588,|  | （1）固体废物污染源强分析<br>1）员工生活垃圾<br>项目有工作人员75人，均不在厂内食宿，根据《社会区域类环境影响评价》（中国环境科学出版社），办公垃圾为0.5~1.0kg/人•d，本项目员工生活垃圾产生量按0.5kg/人•d计，年工作日按300天计算，则产生的生活垃圾量为37.5kg/d，11.25t/a。<br>2）一般工业固体废物<br>项目生产过程中产生的一般工业固体废物主要为生产过程产生的废包装材料、喷粉地脚粉,manual_check_needed
DB44/26,13,07_污染物排放标准审核,05_样本链（按项目组织）/NEW_PL002/04_修改意见_补正通知/1、佛山市顺德区新展业塑料五金厂改扩建项目修改意见_mineru.md,56,"<table><tr><td><p><strong>项目</strong></p></td><td><p><strong>污染工序</strong></p></td><td colspan=""2""><p><strong>污染因子</strong></p></td><td><p><strong>产生量</strong></p></td><td><p><strong>排放量</strong></p></td><td><p><strong>排",manual_check_needed
粤环发〔2019〕2号,12,15_VOCs总量控制审核,05_样本链（按项目组织）/EXCLUDED_001/04_修改意见_补正通知/001_EXCLUDED_001_066_20240618佛山市顺德区博立源五金制品有限公司建设项目环境影响报告表修改意见_gpt.md,220,| 6、《广东省生态环境厅关于做好重点行业建设项目挥发性有机物总量指标管理工作的通知》（粤环发〔2019〕2号） |  |  |  |,manual_check_needed
HJ 2025-2012,12,14_危险废物识别审核,05_样本链（按项目组织）/EXCLUDED_001/04_修改意见_补正通知/001_EXCLUDED_001_066_20240618佛山市顺德区博立源五金制品有限公司建设项目环境影响报告表修改意见_gpt.md,513,| 运营期环境影响和保护措施 | 废水<br>项目废水类别、污染物项目及污染防治设施见下表。<br>表4-1 项目水污染物产生及排放情况表<br>（1）废水源强分析<br>本项目营运期间产生的废水主要为生活污水和生产废水。<br>1）生活污水<br>项目劳动定员为20人，均不在厂区内食宿，根据广东省地方标准《用水定额 第3部分：生活》（DB44/T 1461.3-2021），无食堂和浴室的办公楼用水定额为10m3/a，则项目生活用水年用,manual_check_needed
佛环〔2019〕72号,12,15_VOCs总量控制审核,05_样本链（按项目组织）/EXCLUDED_005/01_受理公告/005_EXCLUDED_005_S10_电子电器_佛山顺德_佛山市顺德区豪朗展业电器有限公司迁改建项目_报告表_gpt.md,436,|  | 本项目废气排放口信息见下表。<br>项目大气排放口基本情况表<br>项目属新建项目，所属行业为C3823 配电开关控制设备制造，参考《排污单位自行监测技术指南总则》（HJ819-2017）、《排污单位自行监测技术指南 涂装》（HJ1086-2020）、《排污许可证申请与核发技术规范 橡胶和塑料制品工业》（HJ1122-2020）和《排污单位自行监测技术指南 橡胶和塑料制品》（HJ1207-2021），运营期详细监测计划见下表。,manual_check_needed
佛环〔2020〕54号,12,15_VOCs总量控制审核,05_样本链（按项目组织）/NEW_PL002/04_修改意见_补正通知/1、佛山市顺德区新展业塑料五金厂改扩建项目修改意见_mineru.md,78,<table><tr><td><p>运营</p><p>期环</p><p>境影</p><p>响和</p><p>保护</p><p>措施</p></td><td><p><strong>5、环境风险</strong></p><p><strong>5.1风险物质</strong></p><p>根据《建设项目环境风险评价技术导则》（HJ169-2018）附录B.1突发环境事件风险物质及临界量表、《企业突发环境事件风险分级方法》附录 A 突发环境事件,manual_check_needed
GB 50050-2017,11,manual_check_needed,05_样本链（按项目组织）/NEW_PL002/04_修改意见_补正通知/1、佛山市顺德区新展业塑料五金厂改扩建项目修改意见_mineru.md,52,<table><tr><td><p>建设内容</p></td><td><p><strong>1、本建设项目概况</strong></p><p>改扩建前，佛山市顺德区新展业塑料五金厂（即本项目）位于佛山市顺德区杏坛镇高赞村委会高西工业区南3号之一。项目于2020年11月27日取得佛山市生态环境局《关于佛山市顺德区新展业塑料五金厂新建项目环境影响报告表的批复》（编号：佛环0310环审[2020]第0382号）。改扩建前，项目于2021年1月,manual_check_needed
GB 38507-2020,10,manual_check_needed,05_样本链（按项目组织）/EXCLUDED_003/01_受理公告/003_EXCLUDED_003_S07_电子电器_佛山顺德_广东奥荣电器有限公司扩建项目_报告表_gpt.md,118,| 规划方案与环境影响减缓措施 | 推动实施原材料替代工程，鼓励企业使用符合环保要求的水基型、高固份、粉末、紫外光固化等低 VOCs 含量的涂料，要求新建涉及喷涂工序的金属表面处理企业，低 VOCs 含量的涂料使用比例达到 70%以上。 | 本项目使用的涂料有三防漆、粉末涂料、胶印油墨。三防漆含量339g/L，低于《工业防护涂料中有害物质限量》（GB30981-2020）表2中电子电器涂料的限值（≤650g/L）和《低挥发性有机化合物含,manual_check_needed
HJ 2020-2012,10,manual_check_needed,05_样本链（按项目组织）/EXCLUDED_003/01_受理公告/003_EXCLUDED_003_S07_电子电器_佛山顺德_广东奥荣电器有限公司扩建项目_报告表_gpt.md,289,| 布袋除尘器 | 《袋式除尘工程通用技术规范》（HJ2020-2012） | 常规袋式除尘器结构耐温按300℃考虑。 | 企业布袋除尘器只处理常温气体。 | 符合 |,manual_check_needed
粤环函〔2019〕1112号,10,15_VOCs总量控制审核,05_样本链（按项目组织）/EXCLUDED_005/01_受理公告/005_EXCLUDED_005_S10_电子电器_佛山顺德_佛山市顺德区豪朗展业电器有限公司迁改建项目_报告表_gpt.md,436,|  | 本项目废气排放口信息见下表。<br>项目大气排放口基本情况表<br>项目属新建项目，所属行业为C3823 配电开关控制设备制造，参考《排污单位自行监测技术指南总则》（HJ819-2017）、《排污单位自行监测技术指南 涂装》（HJ1086-2020）、《排污许可证申请与核发技术规范 橡胶和塑料制品工业》（HJ1122-2020）和《排污单位自行监测技术指南 橡胶和塑料制品》（HJ1207-2021），运营期详细监测计划见下表。,manual_check_needed
DB44/765-2019,10,manual_check_needed,05_样本链（按项目组织）/NEW_PL016/04_修改意见_补正通知/（20230603第二次修改版）佛山市顺德区亚马逊涂料有限公司迁扩建项目修改意见_mineru.md,78,"<table><tr><td><p>建设项目名称</p></td><td colspan=""3""><p>佛山市顺德区亚马逊涂料有限公司迁扩建项目</p></td></tr><tr><td><p>项目代码</p></td><td colspan=""3""><p>无</p></td></tr><tr><td><p>建设单位联系人</p></td><td><p>钟春江</p></td><td><p>联系方式</p></td><td><p>189",manual_check_needed
粤环函〔2021〕537号,9,15_VOCs总量控制审核,05_样本链（按项目组织）/NEW_PL016/04_修改意见_补正通知/（20230603第二次修改版）佛山市顺德区亚马逊涂料有限公司迁扩建项目修改意见_mineru.md,78,"<table><tr><td><p>建设项目名称</p></td><td colspan=""3""><p>佛山市顺德区亚马逊涂料有限公司迁扩建项目</p></td></tr><tr><td><p>项目代码</p></td><td colspan=""3""><p>无</p></td></tr><tr><td><p>建设单位联系人</p></td><td><p>钟春江</p></td><td><p>联系方式</p></td><td><p>189",manual_check_needed
HJ 1116-2020,8,manual_check_needed,05_样本链（按项目组织）/NEW_PL007/04_修改意见_补正通知/202308241425475953佛山市皇秀涂料有限公司修改意见_mineru.md,238,<table><tr><td><p>运营</p><p>期环</p><p>境影</p><p>响和</p><p>保护</p><p>措施</p></td><td><p><strong>（1）大气环境源强分析</strong></p><p>本项目产生的大气污染物主要为投料、分装工序产生的粉尘和投料、分装、检测工序产生的VOCs。</p><p>① 投料、分装工序产生的粉尘</p><p>本项目防水涂料粉料部分、乳胶涂料、石头涂料生产过程中使用水泥、,manual_check_needed
HJ 1087-2020,8,manual_check_needed,05_样本链（按项目组织）/NEW_PL007/04_修改意见_补正通知/202308241425475953佛山市皇秀涂料有限公司修改意见_mineru.md,238,<table><tr><td><p>运营</p><p>期环</p><p>境影</p><p>响和</p><p>保护</p><p>措施</p></td><td><p><strong>（1）大气环境源强分析</strong></p><p>本项目产生的大气污染物主要为投料、分装工序产生的粉尘和投料、分装、检测工序产生的VOCs。</p><p>① 投料、分装工序产生的粉尘</p><p>本项目防水涂料粉料部分、乳胶涂料、石头涂料生产过程中使用水泥、,manual_check_needed
GB 36600-2018,8,manual_check_needed,05_样本链（按项目组织）/REVIEW_002/01_受理公告/002_REVIEW_002_077_佛山市顺德区杏坛镇高赞国明橡胶五金制品厂扩建项目环境影响评价报告表修改意见_gpt.md,255,| 措施 | 5、环境风险分析<br>（1）物质风险和重大危险源识别<br>根据《危险化学品分类信息表》、《建设项目环境风险评价技术导则》 （HJ169-2018）附录 B和《危险化学品重大危险源辨识》（GB 18218-2018），项目使用的机油和产生的废机油，属于油类物质（矿物油类，如石油、汽油、柴油等；生物柴油等）。临界量为2500t，项目废机油的最大储存量为0.06t；机油的最大储存量为0.1t，计算得出Q值为0.000064，,manual_check_needed
HJ 1276-2022,8,manual_check_needed,05_样本链（按项目组织）/SH_014/02_终稿_拟审批稿/终稿-佛山市京耘科技有限公司新建项目_mineru_fixed.md,94,| 1.6废气排放影响分析 （1）排气筒废气达标分析 项目车间厂房楼顶共设置1个排气筒，高度为50m。排气筒污染物排放情况见下表。表4-7 项目排气筒污染物排放达标情况一览表 从上表可知，DA001排放的非甲烷总烃达到《合成树脂工业污染物排放标准》（GB31572-2015）及其2024年修改单中表4大气污染物排放限值；臭气浓度达到《恶臭污染物排放标准》（GB14554-93）表2恶臭污染物排放标准值（50米排气筒高度）。 （2）厂界和,manual_check_needed
GB 18218-2018,7,manual_check_needed,05_样本链（按项目组织）/EXCLUDED_002/04_修改意见_补正通知/002_EXCLUDED_002_202209161458447817报告表（全本）—佛山市斯佳喷涂有限公司建设项目修改意见_gpt.md,149,| <br><!-- page_break --><br>运营<br>期环<br>境影<br>响和<br>保护<br>措施 | （4）废气源强核算过程<br>喷漆、烘干工序有机废气污染物<br>①、污染物产生量计算<br>本项目喷漆、烘干工序会产生有机废气，以总VOCs计。项目溶剂型涂料使用量为3.2t/a、水性涂料使用量为4.39t/a、水性环氧底漆使用量为0.24t/a、水性面漆使用量为0.32t/a。根据附件5~8，本项目使用的溶,manual_check_needed
粤环〔2012〕18号,7,15_VOCs总量控制审核,05_样本链（按项目组织）/EXCLUDED_003/01_受理公告/003_EXCLUDED_003_S07_电子电器_佛山顺德_广东奥荣电器有限公司扩建项目_报告表_gpt.md,133,| 《关于珠江三角洲地区严格控制工业企业挥发性有机物（VOCS）排放的意见》（粤环〔2012〕18号） | 在自然保护区、水源保护区、风景名胜区、森林公园、重要湿地、生态敏感区和其他重要生态功能区实行强制性保护，禁止新建VOCs污染企业，并逐步清理现有污染源。 | 本项目所在地为工业用地。 | 符合 |,manual_check_needed
粤环〔2021〕10号,6,15_VOCs总量控制审核,05_样本链（按项目组织）/EXCLUDED_001/04_修改意见_补正通知/001_EXCLUDED_001_066_20240618佛山市顺德区博立源五金制品有限公司建设项目环境影响报告表修改意见_gpt.md,207,| 2、《广东省生态环境保护“十四五”规划》（粤环〔2021〕10号） |  |  |  |,manual_check_needed
GB 15562,6,manual_check_needed,05_样本链（按项目组织）/EXCLUDED_001/04_修改意见_补正通知/001_EXCLUDED_001_066_20240618佛山市顺德区博立源五金制品有限公司建设项目环境影响报告表修改意见_gpt.md,513,| 运营期环境影响和保护措施 | 废水<br>项目废水类别、污染物项目及污染防治设施见下表。<br>表4-1 项目水污染物产生及排放情况表<br>（1）废水源强分析<br>本项目营运期间产生的废水主要为生活污水和生产废水。<br>1）生活污水<br>项目劳动定员为20人，均不在厂区内食宿，根据广东省地方标准《用水定额 第3部分：生活》（DB44/T 1461.3-2021），无食堂和浴室的办公楼用水定额为10m3/a，则项目生活用水年用,manual_check_needed
GB 18918,6,manual_check_needed,05_样本链（按项目组织）/EXCLUDED_002/04_修改意见_补正通知/002_EXCLUDED_002_202209161458447817报告表（全本）—佛山市斯佳喷涂有限公司建设项目修改意见_gpt.md,125,| 污染<br>物排<br>放控<br>制标<br>准 | 1、水污染物排放标准<br>（1）生活污水<br>项目生活污水经三级化粪池预处理达到广东省地方标准《水污染物排放限值》（DB44/26-2001）的第二时段三级标准后经市政管网纳入杏坛污水处理厂处理，污水厂尾水执行广东省地方标准《水污染物排放限值》(DB44/26-2001)“城镇二级污水处理厂”第二时段一级标准和《城镇污水处理厂污染物排放标准》（GB18918－2002）一级,manual_check_needed
GB 21902-2008,6,manual_check_needed,05_样本链（按项目组织）/EXCLUDED_003/01_受理公告/003_EXCLUDED_003_S07_电子电器_佛山顺德_广东奥荣电器有限公司扩建项目_报告表_gpt.md,155,| 排放水平 | 塑料制品行业：a）有机废气排气筒排放浓度不高于广东省《大气污染物排放限值》（DB4427-2001）第Ⅱ时段排放限值，合成革和人造革制造企业排放浓度不高于《合成革与人造革工业污染物排放标准》（GB21902-2008）排放限值，若国家和我省出台并实施适用于塑料制品制造业的大气污染物排放标准，则有机废气排气筒排放浓度不高于相应的排放限值；车间或生产设施排气中NMHC初始排放速率≥3kg/h时，建设VOCs处理设施且处理效,manual_check_needed
GB 50014,6,manual_check_needed,05_样本链（按项目组织）/EXCLUDED_003/01_受理公告/003_EXCLUDED_003_S07_电子电器_佛山顺德_广东奥荣电器有限公司扩建项目_报告表_gpt.md,299,| 中和混凝+斜管沉淀（生产废水处理装置） | 《室外排水设计规范》（GB 50014 | 沉淀池的超高不应小于0.3m。 | 原项目生产废水设施的沉淀池的超高常年保持0.6m。 | 符合 |,manual_check_needed
GB 50015-2019,6,manual_check_needed,05_样本链（按项目组织）/EXCLUDED_003/01_受理公告/003_EXCLUDED_003_S07_电子电器_佛山顺德_广东奥荣电器有限公司扩建项目_报告表_gpt.md,318,| 与项目有关的原有环境污染问题 | 本项目在原厂基础上扩建，原有污染类型有废气、废水、固废、噪声。<br>公司历年环保手续履行情况表<br>本次环评结合本项目企业上一次环评报告等对现有项目进行阐述。<br>原项目污染源分析<br>原项目塑料配件生产<br>原项目内胆生产<br>原项目外壳生产<br>原项目总装<br>1、废水<br>（1）生活污水<br>原项目厂区员工人数600人，均不在厂区内食宿，产生生活污水5400t/a。根据现有,manual_check_needed
GB 5085,6,manual_check_needed,05_样本链（按项目组织）/NEW_PL007/04_修改意见_补正通知/202308241425475953佛山市皇秀涂料有限公司修改意见_mineru.md,238,<table><tr><td><p>运营</p><p>期环</p><p>境影</p><p>响和</p><p>保护</p><p>措施</p></td><td><p><strong>（1）大气环境源强分析</strong></p><p>本项目产生的大气污染物主要为投料、分装工序产生的粉尘和投料、分装、检测工序产生的VOCs。</p><p>① 投料、分装工序产生的粉尘</p><p>本项目防水涂料粉料部分、乳胶涂料、石头涂料生产过程中使用水泥、,manual_check_needed
GB /T 16157-1996,6,manual_check_needed,05_样本链（按项目组织）/SH_017/02_终稿_拟审批稿/终稿-佛山市盛之强电器有限公司建设项目_mineru_fixed.md,61,| 运营 期环 境影 响和 保护 措施 | 废气源强分析 ①投料、破碎粉尘 项目塑料粒与色粉在混料机混料过程处于密闭工作状态，基本不产生粉尘，混料的投料过程会产生少量色粉的粉尘，以及塑料边角料、次品及注塑机机头残留物等进行破碎产生少量的破碎粉尘，均以颗粒物计。 项目投料粉尘产生量参考《逸散性工业粉尘控制技术》（中国环境科学出版社）中粉料投料的产生系数0.1kg/t进行估算，本项目使用的粉料主要是色粉，项目年使用量为0.082t，故投料过,manual_check_needed
GB 3838,5,05_环境质量现状数据审核,05_样本链（按项目组织）/EXCLUDED_001/04_修改意见_补正通知/001_EXCLUDED_001_066_20240618佛山市顺德区博立源五金制品有限公司建设项目环境影响报告表修改意见_gpt.md,115,| 环境质量底线 | 本项目地表水监测指标均满足《地表水环境质量标准》（GB 3838- 2002）中的Ⅲ类标准要求，水质良好；项目周边声环境质量能满足相应的标准要求，属于达标区；根据《佛山市人民政府办公室关于印发〈佛山市大气环境质量达标规划〉的通知》（佛府办函〔2018〕537号）的要求，项目所在区域臭氧浓度的最大8小时平均值的90百分位数未达到相应标准要求，环境空气质量较差。综上，本项目所在区域在环境质量规划上不达标。 |,manual_check_needed
GB 16297,5,07_污染物排放标准审核,05_样本链（按项目组织）/EXCLUDED_003/01_受理公告/003_EXCLUDED_003_S07_电子电器_佛山顺德_广东奥荣电器有限公司扩建项目_报告表_gpt.md,183,| VOCs无组织排放废气收集处理系统要求 | VOCs废气收集处理系统污染物排放应符合GB 16297或相关行业排放标准的规定。 | 原项目VOCs废气收集设施能满足GB 16297或相关行业排放要求。 | 符合 |,manual_check_needed
GB 8978-1996,5,manual_check_needed,05_样本链（按项目组织）/EXCLUDED_003/01_受理公告/003_EXCLUDED_003_S07_电子电器_佛山顺德_广东奥荣电器有限公司扩建项目_报告表_gpt.md,1138,"| 运运营期环境影响和保护措施 | （1）大气污染源强分析<br>1）注塑工序VOCs<br>本项目在注塑工序过程需对PP、ABS进行熔融加热到170℃左右软化，加热均未达到所用塑料分解温度（ABS>260℃、PP>350℃），加热过程中原料仅有少量未聚合的单体在高温下挥发出来，苯乙烯、丙烯腈、1,3-丁二烯、甲苯、乙苯产生量极少，不进行定量分析，以非甲烷总烃计。<br>本次项目注塑工序会产生一定量VOCs，根据《排放源统计调查产排污核",manual_check_needed
GB 50050-2007,5,manual_check_needed,05_样本链（按项目组织）/EXCLUDED_005/01_受理公告/005_EXCLUDED_005_S10_电子电器_佛山顺德_佛山市顺德区豪朗展业电器有限公司迁改建项目_报告表_gpt.md,349,| 与项目有关的原有环境污染问题 | 1、现有项目环保手续履行情况说明<br>佛山市顺德区豪朗展业电器有限公司于于2021年11月委托广州穗蓝环境科技有限公司编制《佛山市顺德区豪朗展业电器有限公司新建项目》，并于2021年12月7日取得《佛山市生态环境局关于佛山市顺德区豪朗展业电器有限公司新建项目环境影响报告表的批复》（批复文号：佛环0304环审[2021]第0159号），且于2021年12月29日取得《固定污染源排污登记回执》（登记编,manual_check_needed
GB 16889,5,manual_check_needed,05_样本链（按项目组织）/EXCLUDED_005/01_受理公告/005_EXCLUDED_005_S10_电子电器_佛山顺德_佛山市顺德区豪朗展业电器有限公司迁改建项目_报告表_gpt.md,640,| 生产车间、仓库、废水处理设施 | 中-强 | 难 | 其他类型 | 一般防渗区 | 等效黏土防渗层Mb≥1.5m，K≤1×10-7cm/s；或参照GB16889执行 |,manual_check_needed
HJ 169,5,manual_check_needed,05_样本链（按项目组织）/NEW_PL003/01_受理公告/202301091550845111.佛山市顺德区盖密尔塑料制品有限公司迁建项目_mineru.md,19,<table><tr><td><p>施工</p><p>期环</p><p>境保</p><p>护措</p><p>施</p></td><td><p>本项目为新建项目，租用厂房进行生产，不存在基础、主体工程的建筑施工，因此，项目施工期主要是生产设备的安装及调试，主要是人工作业，无大型机械入内，施工期基本无废水、废气、固废产生，机械噪音和粉尘也较小。因此，本评价不对项目施工期 进行分析评价。</p></td></tr><tr><td><p>运营<,manual_check_needed
GB /T 4754-2017,5,01_国民经济行业类别审核,05_样本链（按项目组织）/NEW_PL015/04_修改意见_补正通知/佛山市顺德区蓝顿涂料有限公司迁建项目修改意见_mineru.md,64,"<table><tr><td><p><strong>建设项目名称</strong></p></td><td colspan=""3""><p>佛山市顺德区蓝顿涂料有限公司迁建项目</p></td></tr><tr><td><p><strong>项目代码</strong></p></td><td colspan=""3""><p>无</p></td></tr><tr><td><p><strong>建设单位联系人</strong></p></td>",manual_check_needed
HJ 1086-2020,4,manual_check_needed,05_样本链（按项目组织）/EXCLUDED_001/04_修改意见_补正通知/001_EXCLUDED_001_066_20240618佛山市顺德区博立源五金制品有限公司建设项目环境影响报告表修改意见_gpt.md,513,| 运营期环境影响和保护措施 | 废水<br>项目废水类别、污染物项目及污染防治设施见下表。<br>表4-1 项目水污染物产生及排放情况表<br>（1）废水源强分析<br>本项目营运期间产生的废水主要为生活污水和生产废水。<br>1）生活污水<br>项目劳动定员为20人，均不在厂区内食宿，根据广东省地方标准《用水定额 第3部分：生活》（DB44/T 1461.3-2021），无食堂和浴室的办公楼用水定额为10m3/a，则项目生活用水年用,manual_check_needed
HJ 884-2018,4,manual_check_needed,05_样本链（按项目组织）/EXCLUDED_001/04_修改意见_补正通知/001_EXCLUDED_001_066_20240618佛山市顺德区博立源五金制品有限公司建设项目环境影响报告表修改意见_gpt.md,513,| 运营期环境影响和保护措施 | 废水<br>项目废水类别、污染物项目及污染防治设施见下表。<br>表4-1 项目水污染物产生及排放情况表<br>（1）废水源强分析<br>本项目营运期间产生的废水主要为生活污水和生产废水。<br>1）生活污水<br>项目劳动定员为20人，均不在厂区内食宿，根据广东省地方标准《用水定额 第3部分：生活》（DB44/T 1461.3-2021），无食堂和浴室的办公楼用水定额为10m3/a，则项目生活用水年用,manual_check_needed
GB /T 16758,4,manual_check_needed,05_样本链（按项目组织）/EXCLUDED_003/01_受理公告/003_EXCLUDED_003_S07_电子电器_佛山顺德_广东奥荣电器有限公司扩建项目_报告表_gpt.md,181,| VOCs无组织排放废气收集处理系统要求 | 废气收集系统排风罩（集气罩）的设置应符合GB/T 16758的规定。采用外部排风罩的，应按GB/T 1675、AQ/T 4274—2016规定的方法测量控制风速，测量点应选取在距排风罩开口面最远处的VOCs无组织排放位置，控制风速不应低于0.3 m/s（行业相关规范有具体规定的，按相关规定执行）。 | 原项目集气罩设计能满足GB/T 16758等要求。 | 符合 |,manual_check_needed
GB 33372-2020,4,manual_check_needed,05_样本链（按项目组织）/EXCLUDED_003/01_受理公告/003_EXCLUDED_003_S07_电子电器_佛山顺德_广东奥荣电器有限公司扩建项目_报告表_gpt.md,316,| 建设内容 | 1.原有项目概况及扩建项目概况<br>广东奥荣电器有限公司位于佛山市顺德区均安镇南沙集约工业区，主要从事电热水器、搪瓷热泵水箱生产。原有项目第一次以“佛山市顺德区奥荣电器实业有限公司”为项目名称申报环境影响报告表，于2007年12月25日取得批准证；第二次以“佛山市顺德区均安镇凌沿长兴电器厂扩建项目”为项目名称申报环境影响报告表——佛山市顺德区奥荣电器实业有限公司所有设备、原辅材料、工艺等并入佛山市顺德区均安镇凌沿长兴,manual_check_needed
GB 38508-2020,4,manual_check_needed,05_样本链（按项目组织）/EXCLUDED_003/01_受理公告/003_EXCLUDED_003_S07_电子电器_佛山顺德_广东奥荣电器有限公司扩建项目_报告表_gpt.md,316,| 建设内容 | 1.原有项目概况及扩建项目概况<br>广东奥荣电器有限公司位于佛山市顺德区均安镇南沙集约工业区，主要从事电热水器、搪瓷热泵水箱生产。原有项目第一次以“佛山市顺德区奥荣电器实业有限公司”为项目名称申报环境影响报告表，于2007年12月25日取得批准证；第二次以“佛山市顺德区均安镇凌沿长兴电器厂扩建项目”为项目名称申报环境影响报告表——佛山市顺德区奥荣电器实业有限公司所有设备、原辅材料、工艺等并入佛山市顺德区均安镇凌沿长兴,manual_check_needed
GB 17820-2018,4,manual_check_needed,05_样本链（按项目组织）/EXCLUDED_003/01_受理公告/003_EXCLUDED_003_S07_电子电器_佛山顺德_广东奥荣电器有限公司扩建项目_报告表_gpt.md,318,| 与项目有关的原有环境污染问题 | 本项目在原厂基础上扩建，原有污染类型有废气、废水、固废、噪声。<br>公司历年环保手续履行情况表<br>本次环评结合本项目企业上一次环评报告等对现有项目进行阐述。<br>原项目污染源分析<br>原项目塑料配件生产<br>原项目内胆生产<br>原项目外壳生产<br>原项目总装<br>1、废水<br>（1）生活污水<br>原项目厂区员工人数600人，均不在厂区内食宿，产生生活污水5400t/a。根据现有,manual_check_needed
DB4426-2001,4,manual_check_needed,05_样本链（按项目组织）/EXCLUDED_003/01_受理公告/003_EXCLUDED_003_S07_电子电器_佛山顺德_广东奥荣电器有限公司扩建项目_报告表_gpt.md,1138,"| 运运营期环境影响和保护措施 | （1）大气污染源强分析<br>1）注塑工序VOCs<br>本项目在注塑工序过程需对PP、ABS进行熔融加热到170℃左右软化，加热均未达到所用塑料分解温度（ABS>260℃、PP>350℃），加热过程中原料仅有少量未聚合的单体在高温下挥发出来，苯乙烯、丙烯腈、1,3-丁二烯、甲苯、乙苯产生量极少，不进行定量分析，以非甲烷总烃计。<br>本次项目注塑工序会产生一定量VOCs，根据《排放源统计调查产排污核",manual_check_needed
粤环发〔2021〕4号,4,15_VOCs总量控制审核,05_样本链（按项目组织）/EXCLUDED_005/01_受理公告/005_EXCLUDED_005_S10_电子电器_佛山顺德_佛山市顺德区豪朗展业电器有限公司迁改建项目_报告表_gpt.md,134,| 1.1 | 以工业涂装、橡胶塑料制品等行业为重点，开展涉VOCs企业达标治理，强化源头、无组织、末端全流程治理。加快推进工程机械、钢结构、船舶制造等行业低VOCs含量原辅材料替代，引导生产和使用企业供应和使用符合国家质量标准产品；企业无组织排放控制措施及相关限值应符合《挥发性有机物无组织排放控制标准（GB37822）》、《固定污染源挥发性有机物排放综合标准（DB44/2367）》和《广东省生态环境厅关于实施厂区内挥发性有机物无组织排,manual_check_needed
HJ 610-2016,4,manual_check_needed,05_样本链（按项目组织）/EXCLUDED_005/01_受理公告/005_EXCLUDED_005_S10_电子电器_佛山顺德_佛山市顺德区豪朗展业电器有限公司迁改建项目_报告表_gpt.md,588,|  | （1）固体废物污染源强分析<br>1）员工生活垃圾<br>项目有工作人员75人，均不在厂内食宿，根据《社会区域类环境影响评价》（中国环境科学出版社），办公垃圾为0.5~1.0kg/人•d，本项目员工生活垃圾产生量按0.5kg/人•d计，年工作日按300天计算，则产生的生活垃圾量为37.5kg/d，11.25t/a。<br>2）一般工业固体废物<br>项目生产过程中产生的一般工业固体废物主要为生产过程产生的废包装材料、喷粉地脚粉,manual_check_needed
佛环〔2019〕140号,4,15_VOCs总量控制审核,05_样本链（按项目组织）/EXCLUDED_005/01_受理公告/005_EXCLUDED_005_S10_电子电器_佛山顺德_佛山市顺德区豪朗展业电器有限公司迁改建项目_报告表_gpt.md,588,|  | （1）固体废物污染源强分析<br>1）员工生活垃圾<br>项目有工作人员75人，均不在厂内食宿，根据《社会区域类环境影响评价》（中国环境科学出版社），办公垃圾为0.5~1.0kg/人•d，本项目员工生活垃圾产生量按0.5kg/人•d计，年工作日按300天计算，则产生的生活垃圾量为37.5kg/d，11.25t/a。<br>2）一般工业固体废物<br>项目生产过程中产生的一般工业固体废物主要为生产过程产生的废包装材料、喷粉地脚粉,manual_check_needed
GB 12348,4,06_环境质量执行标准审核,05_样本链（按项目组织）/NEW_PL003/01_受理公告/202301091550845111.佛山市顺德区盖密尔塑料制品有限公司迁建项目_mineru.md,11,<table><tr><td><p>建设内容</p></td><td><ol><li><strong>项目概况</strong></li></ol><p>佛山市顺德区盖密尔塑料制品有限公司原项目选址于佛山市顺德区杏坛镇麦村七滘工业区七路22号之三，原项目于2018年7月20号已取得关于&lt;佛山市顺德区盖密尔塑料制品有限公司年产PE塑料垫片200吨搬迁项目&gt;环境影响评价批复（顺管杏环审[2018]0159号），项目原批准设备规模,manual_check_needed
GB 50483-2009,4,manual_check_needed,05_样本链（按项目组织）/NEW_PL007/04_修改意见_补正通知/202308241425475953佛山市皇秀涂料有限公司修改意见_mineru.md,244,<table><tr><td><p>运营</p><p>期环</p><p>境影</p><p>响和</p><p>保护</p><p>措施</p></td><td><p>（2）环境管理要求</p><p>根据《中华人民共和国固体废物污染环境防治法》要求，建设单位应做好以下防治措施：</p><p>建设单位和个人应当依法在指定的地点分类投放生活垃圾。禁止随意倾倒、抛撒、堆放或者焚烧生活垃圾。</p><p>建设单位应当建立健全工业固体废物产生、收集、贮,manual_check_needed
DB44/816-2010,4,manual_check_needed,05_样本链（按项目组织）/NEW_PL016/04_修改意见_补正通知/（20230603第二次修改版）佛山市顺德区亚马逊涂料有限公司迁扩建项目修改意见_mineru.md,78,"<table><tr><td><p>建设项目名称</p></td><td colspan=""3""><p>佛山市顺德区亚马逊涂料有限公司迁扩建项目</p></td></tr><tr><td><p>项目代码</p></td><td colspan=""3""><p>无</p></td></tr><tr><td><p>建设单位联系人</p></td><td><p>钟春江</p></td><td><p>联系方式</p></td><td><p>189",manual_check_needed
HJ 1180-2021,4,manual_check_needed,05_样本链（按项目组织）/NEW_PL016/04_修改意见_补正通知/（20230603第二次修改版）佛山市顺德区亚马逊涂料有限公司迁扩建项目修改意见_mineru.md,163,<table><tr><td><p>施工</p><p>期环</p><p>境保</p><p>护措</p><p>施</p></td><td><p>项目租用已建设完毕的工业厂房，不涉及厂房建设，施工过程主要是内部装修和设备安装，没有基建工程，因此施工期基本不存在大型土建工程，施工期间产生的影响主要是由于设备运输，安装时产生的噪声等。</p><p>施工期建设单位应严格遵守有关建筑施工的环境保护条例，防止运输扬尘，建筑垃圾、废物等及时清运，降低施,manual_check_needed
HJ 2034-2013,4,manual_check_needed,05_样本链（按项目组织）/REVIEW_001/01_受理公告/001_REVIEW_001_025_202304281553531506（有批注）佛山市顺德区三人众包装材料厂迁改建项目环境影响报告表_gpt.md,159,| <br><!-- page_break --><br>运营<br>期环<br>境影响和保护措施 | 3.噪声<br>（1）噪声源强<br>本迁改建项目产生的噪声主要来自生产过程中发泡挤出生产线、淋膜复合机、冷却塔、空压机等机器设备运转时产生的噪声。参考《机加工行业环境影响评价中常见污染物源强估算及污染治理》（湖北大学学报第32卷第3期）和《环境噪声与振动控制工程技术导则》（HJ2034-2013）等相关文件以及类比调查分析，项目各设,manual_check_needed
DB44/27,4,07_污染物排放标准审核,05_样本链（按项目组织）/REVIEW_002/01_受理公告/002_REVIEW_002_077_佛山市顺德区杏坛镇高赞国明橡胶五金制品厂扩建项目环境影响评价报告表修改意见_gpt.md,111,| 与项目有关的原有环境污染问题 | 1、现有项目环保审批和验收情况<br>表2-6 项目历次审批验收情况<br>序号<br>环评审批时间<br>环评审批文号<br>项目名称<br>验收时间<br>验收审批文号<br>1<br>2012年9月4日<br>杏20120067<br>佛山市顺德区杏坛镇高赞国明橡胶五金制品厂新建项目<br>-<br>-<br>2<br>2016年3月22<br>杏20160062<br>佛山市顺德区杏坛镇高赞,manual_check_needed
HJ 1301-2023,4,manual_check_needed,05_样本链（按项目组织）/SH_014/02_终稿_拟审批稿/终稿-佛山市京耘科技有限公司新建项目_mineru_fixed.md,94,| 1.6废气排放影响分析 （1）排气筒废气达标分析 项目车间厂房楼顶共设置1个排气筒，高度为50m。排气筒污染物排放情况见下表。表4-7 项目排气筒污染物排放达标情况一览表 从上表可知，DA001排放的非甲烷总烃达到《合成树脂工业污染物排放标准》（GB31572-2015）及其2024年修改单中表4大气污染物排放限值；臭气浓度达到《恶臭污染物排放标准》（GB14554-93）表2恶臭污染物排放标准值（50米排气筒高度）。 （2）厂界和,manual_check_needed
GB 30981-2020,3,manual_check_needed,05_样本链（按项目组织）/EXCLUDED_003/01_受理公告/003_EXCLUDED_003_S07_电子电器_佛山顺德_广东奥荣电器有限公司扩建项目_报告表_gpt.md,118,| 规划方案与环境影响减缓措施 | 推动实施原材料替代工程，鼓励企业使用符合环保要求的水基型、高固份、粉末、紫外光固化等低 VOCs 含量的涂料，要求新建涉及喷涂工序的金属表面处理企业，低 VOCs 含量的涂料使用比例达到 70%以上。 | 本项目使用的涂料有三防漆、粉末涂料、胶印油墨。三防漆含量339g/L，低于《工业防护涂料中有害物质限量》（GB30981-2020）表2中电子电器涂料的限值（≤650g/L）和《低挥发性有机化合物含,manual_check_needed
HJ 608-2017,3,manual_check_needed,05_样本链（按项目组织）/EXCLUDED_003/01_受理公告/003_EXCLUDED_003_S07_电子电器_佛山顺德_广东奥荣电器有限公司扩建项目_报告表_gpt.md,136,| 《中华人民共和国大气污染防治法》（2018年10月26日修正） | 企业事业单位和其他生产经营者向大气排放污染物的，应当依照法律法规和国务院环境保护主管部门的规定设置大气污染物排放口。 | 本项目将设置十个大气排放口，并按照《排放单位编码规则》（HJ 608-2017）和《排污单位污染物排放口二维码标识技术规范》（HJ 1297-2023）相关要求设置大气污染物排放口。 | 符合 |,manual_check_needed
HJ 1297-2023,3,manual_check_needed,05_样本链（按项目组织）/EXCLUDED_003/01_受理公告/003_EXCLUDED_003_S07_电子电器_佛山顺德_广东奥荣电器有限公司扩建项目_报告表_gpt.md,136,| 《中华人民共和国大气污染防治法》（2018年10月26日修正） | 企业事业单位和其他生产经营者向大气排放污染物的，应当依照法律法规和国务院环境保护主管部门的规定设置大气污染物排放口。 | 本项目将设置十个大气排放口，并按照《排放单位编码规则》（HJ 608-2017）和《排污单位污染物排放口二维码标识技术规范》（HJ 1297-2023）相关要求设置大气污染物排放口。 | 符合 |,manual_check_needed
GB 50015,3,manual_check_needed,05_样本链（按项目组织）/EXCLUDED_003/01_受理公告/003_EXCLUDED_003_S07_电子电器_佛山顺德_广东奥荣电器有限公司扩建项目_报告表_gpt.md,297,| 三级化粪池 | 《建筑给水排水设计规范》（GB50015） | 化粪池池外壁距建筑物外墙不宜小于5m，并不得影响建筑物基础。 | 原项目的三级化粪池外壁距建筑物外墙7m。 | 符合 |,manual_check_needed
HJ 2006-2010,3,manual_check_needed,05_样本链（按项目组织）/EXCLUDED_003/01_受理公告/003_EXCLUDED_003_S07_电子电器_佛山顺德_广东奥荣电器有限公司扩建项目_报告表_gpt.md,304,| 中和混凝+斜管沉淀（生产废水处理装置） | 《污水混凝与絮凝处理工程技术规范》（HJ2006-2010） | 聚合氯化铝的质量应符合GB15892的要求，其中最重要的是碱化度B，要求B值应在50%~80%。 | 企业购买的PAC碱化度在50%.。 | 符合 |,manual_check_needed
HJ 1066,3,manual_check_needed,05_样本链（按项目组织）/EXCLUDED_003/01_受理公告/003_EXCLUDED_003_S07_电子电器_佛山顺德_广东奥荣电器有限公司扩建项目_报告表_gpt.md,1138,"| 运运营期环境影响和保护措施 | （1）大气污染源强分析<br>1）注塑工序VOCs<br>本项目在注塑工序过程需对PP、ABS进行熔融加热到170℃左右软化，加热均未达到所用塑料分解温度（ABS>260℃、PP>350℃），加热过程中原料仅有少量未聚合的单体在高温下挥发出来，苯乙烯、丙烯腈、1,3-丁二烯、甲苯、乙苯产生量极少，不进行定量分析，以非甲烷总烃计。<br>本次项目注塑工序会产生一定量VOCs，根据《排放源统计调查产排污核",manual_check_needed
HJ 978-2018,3,manual_check_needed,05_样本链（按项目组织）/EXCLUDED_004/01_受理公告/004_EXCLUDED_004_S08_电子电器_佛山顺德_佛山市凌睿电子科技有限公司新建项目_报告表_gpt.md,241,| <br><!-- page_break --><br>运营期环境影响和保护措施 | 2、废水 <br>（1）水污染源分析 <br>①生活污水<br>项目员工人数25人，均不在厂区内食宿，生活污水来源于员工如厕和清洁用水。生活用水根据《用水定额第3部分：生活》（DB44/T1461.3-2021）的相关规定，类比国家机关的办公无食堂和浴室的按10m3/（人·a）计，则项目员工生活用水为250m3/a。根据《第二次全国污染源普查 生活源,manual_check_needed
粤环发〔2019〕1号,3,15_VOCs总量控制审核,05_样本链（按项目组织）/EXCLUDED_004/01_受理公告/004_EXCLUDED_004_S08_电子电器_佛山顺德_佛山市凌睿电子科技有限公司新建项目_报告表_gpt.md,241,| <br><!-- page_break --><br>运营期环境影响和保护措施 | 2、废水 <br>（1）水污染源分析 <br>①生活污水<br>项目员工人数25人，均不在厂区内食宿，生活污水来源于员工如厕和清洁用水。生活用水根据《用水定额第3部分：生活》（DB44/T1461.3-2021）的相关规定，类比国家机关的办公无食堂和浴室的按10m3/（人·a）计，则项目员工生活用水为250m3/a。根据《第二次全国污染源普查 生活源,manual_check_needed
粤环函〔2023〕538号,3,15_VOCs总量控制审核,05_样本链（按项目组织）/NEW_PL015/04_修改意见_补正通知/佛山市顺德区蓝顿涂料有限公司迁建项目修改意见_mineru.md,69,"<table><tr><td colspan=""2""></td><td><ol><li><strong>项目由来</strong></li></ol><p>佛山市顺德区蓝顿涂料有限公司原项目位于佛山市顺德区杏坛镇七滘工业区百安公路以西17号地块之7，占地面积为3000m<sup>2</sup>，建筑面积为3000m<sup>2</sup>，中心经纬度为：东经113度6分19.965秒，北纬22度46分39.342秒，已于2016年5月1",manual_check_needed
GB 3838-2020,3,05_环境质量现状数据审核,05_样本链（按项目组织）/NEW_PL016/04_修改意见_补正通知/（20230603第二次修改版）佛山市顺德区亚马逊涂料有限公司迁扩建项目修改意见_mineru.md,158,<table><tr><td><p>区域</p><p>环境</p><p>质量</p><p>现状</p></td><td><p><strong>1、大气环境</strong></p><p>根据《佛山市人民政府办公室关于调整顺德区环境空气质量功能区划的复函》（佛府办函〔2014〕494号，2014年8月）和《佛山市顺德区人民政府办公室关于印发〈佛山市顺德区生态环境保护“十四五”规划（2021-2025）〉的通知》（顺府办发〔2022〕16 ,manual_check_needed
GB /T 15190-2014,3,manual_check_needed,05_样本链（按项目组织）/REVIEW_001/01_受理公告/001_REVIEW_001_025_202304281553531506（有批注）佛山市顺德区三人众包装材料厂迁改建项目环境影响报告表_gpt.md,99,| <br><!-- page_break --><br>其他符合性分析 | 1、产业政策相符性<br>本迁改建项目主要从事珍珠棉管及包装保护膜的生产，属于泡沫塑料制造行业，不属于《产业结构调整指导目录（2019年本）》及2021年修改单中的淘汰类和限制类；不属于《市场准入负面清单》（发改体改规〔2022〕397号）的禁止准入类项目；不属于《广东省禁止、限制生产、销售和使用的塑料制品名录》（2020年版）中禁止和生产类。因此本项目建设符,manual_check_needed
粤环〔2011〕14号,3,15_VOCs总量控制审核,05_样本链（按项目组织）/REVIEW_001/01_受理公告/001_REVIEW_001_025_202304281553531506（有批注）佛山市顺德区三人众包装材料厂迁改建项目环境影响报告表_gpt.md,99,| <br><!-- page_break --><br>其他符合性分析 | 1、产业政策相符性<br>本迁改建项目主要从事珍珠棉管及包装保护膜的生产，属于泡沫塑料制造行业，不属于《产业结构调整指导目录（2019年本）》及2021年修改单中的淘汰类和限制类；不属于《市场准入负面清单》（发改体改规〔2022〕397号）的禁止准入类项目；不属于《广东省禁止、限制生产、销售和使用的塑料制品名录》（2020年版）中禁止和生产类。因此本项目建设符,manual_check_needed
佛环〔2010〕100号,3,15_VOCs总量控制审核,05_样本链（按项目组织）/REVIEW_001/01_受理公告/001_REVIEW_001_025_202304281553531506（有批注）佛山市顺德区三人众包装材料厂迁改建项目环境影响报告表_gpt.md,99,| <br><!-- page_break --><br>其他符合性分析 | 1、产业政策相符性<br>本迁改建项目主要从事珍珠棉管及包装保护膜的生产，属于泡沫塑料制造行业，不属于《产业结构调整指导目录（2019年本）》及2021年修改单中的淘汰类和限制类；不属于《市场准入负面清单》（发改体改规〔2022〕397号）的禁止准入类项目；不属于《广东省禁止、限制生产、销售和使用的塑料制品名录》（2020年版）中禁止和生产类。因此本项目建设符,manual_check_needed
HJ 2025,3,14_危险废物识别审核,05_样本链（按项目组织）/REVIEW_001/01_受理公告/001_REVIEW_001_025_202304281553531506（有批注）佛山市顺德区三人众包装材料厂迁改建项目环境影响报告表_gpt.md,161,| <br><!-- page_break --><br>运营期环境影响和保护措施 | （2）固体废物产量情况核算<br>迁改建后项目产生的固体废物主要为废包装材料、次品及边角料、废活性炭、废丁烷罐、废机油、含油废抹布、废机油桶以及员工生活垃圾等。<br>1）生活垃圾<br>迁改建后项目员工人数5人，年工作300天。根据《社会区域类环境影响评价》（中国环境科学出版社），我国目前城市人均生活垃圾为0.8~1.5kg/人·d，办公垃圾为0.,manual_check_needed
GB 11174-1997,3,manual_check_needed,05_样本链（按项目组织）/REVIEW_002/01_受理公告/002_REVIEW_002_077_佛山市顺德区杏坛镇高赞国明橡胶五金制品厂扩建项目环境影响评价报告表修改意见_gpt.md,153,| 运营<br>期环<br>境影<br>响和<br>保护<br>措施 | 1、废水<br>项目产生的生活污水、生产废水经处理达标后排入杏坛污水处理厂，项目废水类别、污染物项目及污染防治设施见下表。<br>表 4-1 项目废水类别、污染物项目及污染防治设施一览表<br>废气产排污环节<br>污染物种类<br>执行标准<br>污染防治设施<br>排放去向<br>排放口类型<br><br><br>污染防治设施名称及工艺<br>是否为可行性技术,manual_check_needed
GB 15618-2018,3,manual_check_needed,05_样本链（按项目组织）/REVIEW_002/01_受理公告/002_REVIEW_002_077_佛山市顺德区杏坛镇高赞国明橡胶五金制品厂扩建项目环境影响评价报告表修改意见_gpt.md,255,| 措施 | 5、环境风险分析<br>（1）物质风险和重大危险源识别<br>根据《危险化学品分类信息表》、《建设项目环境风险评价技术导则》 （HJ169-2018）附录 B和《危险化学品重大危险源辨识》（GB 18218-2018），项目使用的机油和产生的废机油，属于油类物质（矿物油类，如石油、汽油、柴油等；生物柴油等）。临界量为2500t，项目废机油的最大储存量为0.06t；机油的最大储存量为0.1t，计算得出Q值为0.000064，,manual_check_needed
HJ 1066-2019,3,manual_check_needed,05_样本链（按项目组织）/REVIEW_006/01_受理公告/006_REVIEW_006_S06_印刷包装_佛山顺德_广东海通达包装有限公司建设项目_报告表_gpt.md,655,| 备注 | 参考《排污许可证申请与核发技术规范 印刷工业》（HJ 1066-2019）表A.1，本项目采用活性炭吸附的处理工艺属于可行技术。 |  |  |  |  |  |  |,manual_check_needed
HJ 1103-2020,3,manual_check_needed,05_样本链（按项目组织）/SH_023/01_受理公告/023_SH_023_S03_涂料颜料_佛山顺德_佛山市嘉柏丽涂料有限公司迁扩建项目_报告表_gpt.md,522,| 运营期环境影响和保护措施 | 一、大气污染源<br>本项目主要从事工程漆、内墙漆和底漆的加工生产，行业类别属于“C264涂料、油墨、颜料及类似产品制造”-“C2641涂料制造”。根据《固定污染源排污许可分类管理名录（2019年版）》，本项目属于简化管理类别，故本项目污染防治措施可行性分析内容根据《排污许可证申请与核发技术规范 专用化学产品制造工业》（HJ1103-2020）进行分析。<br>1.1大气污染物产排情况汇总<br>本项目,manual_check_needed
HJ 298,3,manual_check_needed,05_样本链（按项目组织）/SH_025/02_终稿_拟审批稿/终-佛山市顺德区罗氏五金制品实业有限公司迁改扩建项目_mineru_fixed.md,296,项项目水性漆使用过程中会产生废漆桶，根据《国家危险废物名录》（2025年版）可知，废油漆桶废物类别为HW49，废物代码900-041-49，废油漆桶收集后定期交有资质危废公司进行收运处理。项目使用水性漆年用量为42t/a，项目水性漆规格为20kg/桶，包装桶约为1kg/个，年产生废漆桶2100个，则年产生废漆桶2.1t/a。若水性包装桶经鉴别后根据《危险废物鉴别标准》（GB5085.1~7）、《危险废物鉴别技术规范》（HJ298）等予以,manual_check_needed
HJ 819,2,manual_check_needed,05_样本链（按项目组织）/EXCLUDED_003/01_受理公告/003_EXCLUDED_003_S07_电子电器_佛山顺德_广东奥荣电器有限公司扩建项目_报告表_gpt.md,188,| 污染物监测要求 | 企业应按照有关法律、《环境监测管理办法》和HJ 819等规定，建立企业监测制度，制订监测方案，对污染物排放状况及其对周边环境质量的影响开展自行监测，保存原始监测记录，并公布监测结果。 | 原项目有建立监测制度和监测方案。 | 符合 |,manual_check_needed
HJ 1120,2,manual_check_needed,05_样本链（按项目组织）/EXCLUDED_003/01_受理公告/003_EXCLUDED_003_S07_电子电器_佛山顺德_广东奥荣电器有限公司扩建项目_报告表_gpt.md,1484,| 运营期环境影响和保护措施 | 扩建前后前处理工序基本不变，CODCr、氨氮、SS、石油类、TP产生浓度参考原项目竣工环保验收监测报告，因原项目竣工环保验收监测报告缺失氟化物、BOD5产生浓度监测，前处理废水BOD5、氟化物产生浓度分别类比同类项目《佛山市顺德区施毅得五金实业有限公司年喷涂五金配件1800吨扩建项目竣工环境保护验收报告表》（施毅得五金）中的生产废水验收监测数据（报告编号为S20D10061002），和《浙江科贸实业有限,manual_check_needed
粤环〔2008〕42号,2,15_VOCs总量控制审核,05_样本链（按项目组织）/EXCLUDED_003/01_受理公告/003_EXCLUDED_003_S07_电子电器_佛山顺德_广东奥荣电器有限公司扩建项目_报告表_gpt.md,2171,《关于印发广东省污染源排污口规范化设置导则的通知》（粤环〔2008〕42号），（2008.4.28）；,manual_check_needed
GB 37822,2,07_污染物排放标准审核,05_样本链（按项目组织）/EXCLUDED_005/01_受理公告/005_EXCLUDED_005_S10_电子电器_佛山顺德_佛山市顺德区豪朗展业电器有限公司迁改建项目_报告表_gpt.md,134,| 1.1 | 以工业涂装、橡胶塑料制品等行业为重点，开展涉VOCs企业达标治理，强化源头、无组织、末端全流程治理。加快推进工程机械、钢结构、船舶制造等行业低VOCs含量原辅材料替代，引导生产和使用企业供应和使用符合国家质量标准产品；企业无组织排放控制措施及相关限值应符合《挥发性有机物无组织排放控制标准（GB37822）》、《固定污染源挥发性有机物排放综合标准（DB44/2367）》和《广东省生态环境厅关于实施厂区内挥发性有机物无组织排,manual_check_needed
DB44/2367,2,07_污染物排放标准审核,05_样本链（按项目组织）/EXCLUDED_005/01_受理公告/005_EXCLUDED_005_S10_电子电器_佛山顺德_佛山市顺德区豪朗展业电器有限公司迁改建项目_报告表_gpt.md,134,| 1.1 | 以工业涂装、橡胶塑料制品等行业为重点，开展涉VOCs企业达标治理，强化源头、无组织、末端全流程治理。加快推进工程机械、钢结构、船舶制造等行业低VOCs含量原辅材料替代，引导生产和使用企业供应和使用符合国家质量标准产品；企业无组织排放控制措施及相关限值应符合《挥发性有机物无组织排放控制标准（GB37822）》、《固定污染源挥发性有机物排放综合标准（DB44/2367）》和《广东省生态环境厅关于实施厂区内挥发性有机物无组织排,manual_check_needed
DB44814-2010,2,manual_check_needed,05_样本链（按项目组织）/NEW_PL016/04_修改意见_补正通知/（20230603第二次修改版）佛山市顺德区亚马逊涂料有限公司迁扩建项目修改意见_mineru.md,78,"<table><tr><td><p>建设项目名称</p></td><td colspan=""3""><p>佛山市顺德区亚马逊涂料有限公司迁扩建项目</p></td></tr><tr><td><p>项目代码</p></td><td colspan=""3""><p>无</p></td></tr><tr><td><p>建设单位联系人</p></td><td><p>钟春江</p></td><td><p>联系方式</p></td><td><p>189",manual_check_needed
GB 39726-2020,2,manual_check_needed,05_样本链（按项目组织）/NEW_PL016/04_修改意见_补正通知/（20230603第二次修改版）佛山市顺德区亚马逊涂料有限公司迁扩建项目修改意见_mineru.md,78,"<table><tr><td><p>建设项目名称</p></td><td colspan=""3""><p>佛山市顺德区亚马逊涂料有限公司迁扩建项目</p></td></tr><tr><td><p>项目代码</p></td><td colspan=""3""><p>无</p></td></tr><tr><td><p>建设单位联系人</p></td><td><p>钟春江</p></td><td><p>联系方式</p></td><td><p>189",manual_check_needed
GB 37823-2019,2,manual_check_needed,05_样本链（按项目组织）/NEW_PL016/04_修改意见_补正通知/（20230603第二次修改版）佛山市顺德区亚马逊涂料有限公司迁扩建项目修改意见_mineru.md,78,"<table><tr><td><p>建设项目名称</p></td><td colspan=""3""><p>佛山市顺德区亚马逊涂料有限公司迁扩建项目</p></td></tr><tr><td><p>项目代码</p></td><td colspan=""3""><p>无</p></td></tr><tr><td><p>建设单位联系人</p></td><td><p>钟春江</p></td><td><p>联系方式</p></td><td><p>189",manual_check_needed
GB 13223-2011,2,manual_check_needed,05_样本链（按项目组织）/NEW_PL016/04_修改意见_补正通知/（20230603第二次修改版）佛山市顺德区亚马逊涂料有限公司迁扩建项目修改意见_mineru.md,78,"<table><tr><td><p>建设项目名称</p></td><td colspan=""3""><p>佛山市顺德区亚马逊涂料有限公司迁扩建项目</p></td></tr><tr><td><p>项目代码</p></td><td colspan=""3""><p>无</p></td></tr><tr><td><p>建设单位联系人</p></td><td><p>钟春江</p></td><td><p>联系方式</p></td><td><p>189",manual_check_needed
HJ 2000-2010,2,manual_check_needed,05_样本链（按项目组织）/NEW_PL016/04_修改意见_补正通知/（20230603第二次修改版）佛山市顺德区亚马逊涂料有限公司迁扩建项目修改意见_mineru.md,171,"<table><tr><td rowspan=""2""><p>排放口编号及名称</p></td><td colspan=""5""><p>排放口基本情况</p></td><td rowspan=""2""><p>地理坐标</p></td></tr><tr><td><p>高度m</p></td><td><p>内径m</p></td><td><p>烟气流速m/s</p></td><td><p>温度℃</p></td><td><p>类型</p></td",manual_check_needed
HJ 941-2018,2,manual_check_needed,05_样本链（按项目组织）/NEW_PL016/04_修改意见_补正通知/（20230603第二次修改版）佛山市顺德区亚马逊涂料有限公司迁扩建项目修改意见_mineru.md,173,<table><tr><td><p>运营</p><p>期环</p><p>境影</p><p>响和</p><p>保护</p><p>措施</p></td><td><p><strong>1.2大气达标性分析 </strong></p><p>1）排气筒废气达标分析</p><p>本项目共设置1个排气筒，高度约45m，排气筒污染物排放情况见下表。</p><p><strong>表4-11 项目排气筒污染物排放达标情况一览表</strong></p><t,manual_check_needed
HJ 1122,2,08_产污系数适用性审核,05_样本链（按项目组织）/REVIEW_002/01_受理公告/002_REVIEW_002_077_佛山市顺德区杏坛镇高赞国明橡胶五金制品厂扩建项目环境影响评价报告表修改意见_gpt.md,153,| 运营<br>期环<br>境影<br>响和<br>保护<br>措施 | 1、废水<br>项目产生的生活污水、生产废水经处理达标后排入杏坛污水处理厂，项目废水类别、污染物项目及污染防治设施见下表。<br>表 4-1 项目废水类别、污染物项目及污染防治设施一览表<br>废气产排污环节<br>污染物种类<br>执行标准<br>污染防治设施<br>排放去向<br>排放口类型<br><br><br>污染防治设施名称及工艺<br>是否为可行性技术,manual_check_needed
GB /T 50050-2007,2,manual_check_needed,05_样本链（按项目组织）/REVIEW_003/01_受理公告/003_REVIEW_003_083_报告表（全本）——佛山市金富亮塑料科技有限公司迁改扩建项目2023.5.11修改意见_gpt.md,103,| 与项目有关的原有环境污染问题 | 原项目位于佛山市顺德区大良新滘居委会凤翔工业区拓展路12号首层之二，原项目于2018年5月18日经佛山市顺德区环境运输和城市管理局审批通过了《佛山市金富亮塑料科技有限公司建设项目环境影响报告表》，审批编号为：顺管良环审[2018]第0114号。<br>2018年6月25日，原项目根据佛山市灏景检测技术有限公司出具的《竣工验收检测报告》（检测报告编号为：灏景检字（2018）第 18061201号）等资,manual_check_needed
HJ 1246-2022,2,manual_check_needed,05_样本链（按项目组织）/REVIEW_006/01_受理公告/006_REVIEW_006_S06_印刷包装_佛山顺德_广东海通达包装有限公司建设项目_报告表_gpt.md,692,| 备注 | 本项目废气污染物监测频次参考《排污单位自行监测技术指南 印刷工业》（HJ 1246-2022）表2。 |  |  |,manual_check_needed
佛环〔2021〕39号,2,15_VOCs总量控制审核,05_样本链（按项目组织）/SH_014/02_终稿_拟审批稿/终稿-佛山市京耘科技有限公司新建项目_mineru_fixed.md,94,| 1.6废气排放影响分析 （1）排气筒废气达标分析 项目车间厂房楼顶共设置1个排气筒，高度为50m。排气筒污染物排放情况见下表。表4-7 项目排气筒污染物排放达标情况一览表 从上表可知，DA001排放的非甲烷总烃达到《合成树脂工业污染物排放标准》（GB31572-2015）及其2024年修改单中表4大气污染物排放限值；臭气浓度达到《恶臭污染物排放标准》（GB14554-93）表2恶臭污染物排放标准值（50米排气筒高度）。 （2）厂界和,manual_check_needed
GB 3095,2,05_环境质量现状数据审核,05_样本链（按项目组织）/SH_015/02_终稿_拟审批稿/终稿-佛山市华泷彩科技有限公司新建项目_mineru_fixed.md,110,| 区域 环境 质量 现状 | 环境空气现状调查与评价 （1）基本污染物环境质量现状 根据《佛山市人民政府办公室关于调整顺德区环境空气质量功能区划的复函》（佛府办函〔2014〕494号，2014年8月）和《佛山市顺德区生态环境保护“十四五”规划（2021-2025）》，顺德区全境为大气环境二类区，因此本项目所在区域属二类环境空气质量功能区，执行《环境空气质量标准》（GB3095-2012）及2018年修改单二级标准。 为评价本项目所在区,manual_check_needed
粤环办〔2021〕92号,2,15_VOCs总量控制审核,05_样本链（按项目组织）/SH_023/01_受理公告/023_SH_023_S03_涂料颜料_佛山顺德_佛山市嘉柏丽涂料有限公司迁扩建项目_报告表_gpt.md,554,| 运营期环境影响和保护措施 | 1.3正常排放情况<br>1.3.1非甲烷总烃<br>项目在进行生产的期间，由于项目使用的原材料涉及挥发性有机物，故本项目在分散、搅拌、检验和灌装过程中会有有机废气产生，有机废气的主要污染因子为NMHC。<br>参照《排放源统计调查产排污核算方法和系数手册》（公告2021年第24号）中 “2641涂料制造行业系数手册” 的“水性建筑涂料”的挥发性有机物产污系数1kg/t-产品计算，项目在分散、搅拌、检验,manual_check_needed
GB /T 50102-2014,1,manual_check_needed,05_样本链（按项目组织）/EXCLUDED_001/04_修改意见_补正通知/001_EXCLUDED_001_066_20240618佛山市顺德区博立源五金制品有限公司建设项目环境影响报告表修改意见_gpt.md,513,| 运营期环境影响和保护措施 | 废水<br>项目废水类别、污染物项目及污染防治设施见下表。<br>表4-1 项目水污染物产生及排放情况表<br>（1）废水源强分析<br>本项目营运期间产生的废水主要为生活污水和生产废水。<br>1）生活污水<br>项目劳动定员为20人，均不在厂区内食宿，根据广东省地方标准《用水定额 第3部分：生活》（DB44/T 1461.3-2021），无食堂和浴室的办公楼用水定额为10m3/a，则项目生活用水年用,manual_check_needed
GB 11174-2011,1,manual_check_needed,05_样本链（按项目组织）/EXCLUDED_001/04_修改意见_补正通知/001_EXCLUDED_001_066_20240618佛山市顺德区博立源五金制品有限公司建设项目环境影响报告表修改意见_gpt.md,513,| 运营期环境影响和保护措施 | 废水<br>项目废水类别、污染物项目及污染防治设施见下表。<br>表4-1 项目水污染物产生及排放情况表<br>（1）废水源强分析<br>本项目营运期间产生的废水主要为生活污水和生产废水。<br>1）生活污水<br>项目劳动定员为20人，均不在厂区内食宿，根据广东省地方标准《用水定额 第3部分：生活》（DB44/T 1461.3-2021），无食堂和浴室的办公楼用水定额为10m3/a，则项目生活用水年用,manual_check_needed
HJ 971-2018,1,manual_check_needed,05_样本链（按项目组织）/EXCLUDED_001/04_修改意见_补正通知/001_EXCLUDED_001_066_20240618佛山市顺德区博立源五金制品有限公司建设项目环境影响报告表修改意见_gpt.md,513,| 运营期环境影响和保护措施 | 废水<br>项目废水类别、污染物项目及污染防治设施见下表。<br>表4-1 项目水污染物产生及排放情况表<br>（1）废水源强分析<br>本项目营运期间产生的废水主要为生活污水和生产废水。<br>1）生活污水<br>项目劳动定员为20人，均不在厂区内食宿，根据广东省地方标准《用水定额 第3部分：生活》（DB44/T 1461.3-2021），无食堂和浴室的办公楼用水定额为10m3/a，则项目生活用水年用,manual_check_needed
HJ 1115-2020,1,manual_check_needed,05_样本链（按项目组织）/EXCLUDED_001/04_修改意见_补正通知/001_EXCLUDED_001_066_20240618佛山市顺德区博立源五金制品有限公司建设项目环境影响报告表修改意见_gpt.md,513,| 运营期环境影响和保护措施 | 废水<br>项目废水类别、污染物项目及污染防治设施见下表。<br>表4-1 项目水污染物产生及排放情况表<br>（1）废水源强分析<br>本项目营运期间产生的废水主要为生活污水和生产废水。<br>1）生活污水<br>项目劳动定员为20人，均不在厂区内食宿，根据广东省地方标准《用水定额 第3部分：生活》（DB44/T 1461.3-2021），无食堂和浴室的办公楼用水定额为10m3/a，则项目生活用水年用,manual_check_needed
GB 50736-2012,1,manual_check_needed,05_样本链（按项目组织）/EXCLUDED_002/04_修改意见_补正通知/002_EXCLUDED_002_202209161458447817报告表（全本）—佛山市斯佳喷涂有限公司建设项目修改意见_gpt.md,147,| 运营<br>期环<br>境影<br>响和<br>保护<br>措施 | 废水<br>本项目废水类别、污染物种类及污染防治设施见下表。<br>表4-1 项目废水类别、污染物种类、排放形式及污染防治设施一览表<br>产排污环节<br>职工生活<br>装置<br>—<br>类别<br>生活污水<br>污染物种类<br>CODCr<br>BOD5<br>SS<br>NH3-N<br>污染物产生情况<br>核算方法<br>类比法<br><br>,manual_check_needed
GB 14444-2006,1,manual_check_needed,05_样本链（按项目组织）/EXCLUDED_002/04_修改意见_补正通知/002_EXCLUDED_002_202209161458447817报告表（全本）—佛山市斯佳喷涂有限公司建设项目修改意见_gpt.md,149,| <br><!-- page_break --><br>运营<br>期环<br>境影<br>响和<br>保护<br>措施 | （4）废气源强核算过程<br>喷漆、烘干工序有机废气污染物<br>①、污染物产生量计算<br>本项目喷漆、烘干工序会产生有机废气，以总VOCs计。项目溶剂型涂料使用量为3.2t/a、水性涂料使用量为4.39t/a、水性环氧底漆使用量为0.24t/a、水性面漆使用量为0.32t/a。根据附件5~8，本项目使用的溶,manual_check_needed
环办环评〔2020〕33号,1,manual_check_needed,05_样本链（按项目组织）/EXCLUDED_003/01_受理公告/003_EXCLUDED_003_S07_电子电器_佛山顺德_广东奥荣电器有限公司扩建项目_报告表_gpt.md,87,| 专项评价设置情况 | 根据《建设项目环境影响报告表编制技术指南（污染影响类）（试行）》（环办环评〔2020〕33号）表1专项评价设置原则表对本项目专项评价设置情况进行分析，详见下表。<br>本项目专项评价设置情况 |  |  |,manual_check_needed
GB /T 1675,1,manual_check_needed,05_样本链（按项目组织）/EXCLUDED_003/01_受理公告/003_EXCLUDED_003_S07_电子电器_佛山顺德_广东奥荣电器有限公司扩建项目_报告表_gpt.md,181,| VOCs无组织排放废气收集处理系统要求 | 废气收集系统排风罩（集气罩）的设置应符合GB/T 16758的规定。采用外部排风罩的，应按GB/T 1675、AQ/T 4274—2016规定的方法测量控制风速，测量点应选取在距排风罩开口面最远处的VOCs无组织排放位置，控制风速不应低于0.3 m/s（行业相关规范有具体规定的，按相关规定执行）。 | 原项目集气罩设计能满足GB/T 16758等要求。 | 符合 |,manual_check_needed
GB /T 6719-2009,1,manual_check_needed,05_样本链（按项目组织）/EXCLUDED_003/01_受理公告/003_EXCLUDED_003_S07_电子电器_佛山顺德_广东奥荣电器有限公司扩建项目_报告表_gpt.md,288,| 布袋除尘器 | 《袋式除尘器技术要求》（GB/T6719-2009） | 滤袋袋口的环状缝线必须牢固且不得少于两条。 | 原项目布袋除尘器的滤袋袋口的环状缝线有3条。 | 符合 |,manual_check_needed
GB 15892,1,manual_check_needed,05_样本链（按项目组织）/EXCLUDED_003/01_受理公告/003_EXCLUDED_003_S07_电子电器_佛山顺德_广东奥荣电器有限公司扩建项目_报告表_gpt.md,304,| 中和混凝+斜管沉淀（生产废水处理装置） | 《污水混凝与絮凝处理工程技术规范》（HJ2006-2010） | 聚合氯化铝的质量应符合GB15892的要求，其中最重要的是碱化度B，要求B值应在50%~80%。 | 企业购买的PAC碱化度在50%.。 | 符合 |,manual_check_needed
HJ 944-2018,1,manual_check_needed,05_样本链（按项目组织）/EXCLUDED_003/01_受理公告/003_EXCLUDED_003_S07_电子电器_佛山顺德_广东奥荣电器有限公司扩建项目_报告表_gpt.md,851,| 2 | 缺失原项目污染处理设施台账等环保管理文件 | 本次扩建结束后，企业应保留危废间建设工程图、污染治理设施设计资料，并按《排污单位环境管理台账及排污许可证执行报告技术规范 总则》（HJ944-2018）、《广东省涉挥发性有机物（VOCs）重点行业治理指引》（粤环办〔2021〕43号）等要求编辑、记录、管理台账。 |,manual_check_needed
佛环〔2022〕51号,1,15_VOCs总量控制审核,05_样本链（按项目组织）/EXCLUDED_003/01_受理公告/003_EXCLUDED_003_S07_电子电器_佛山顺德_广东奥荣电器有限公司扩建项目_报告表_gpt.md,1039,| 施工期环境保护措施 | 本项目经营场所为已建成的工业厂房，不涉及厂房建设、厂房装修改建，施工内容为设备安装及调试，没有基建工程，主要为室内人工作业，无大型机械入内，施工期基本无废水、废气、固废产生，主要的环境影响为设备安装及调试过程中产生的噪声，采取噪声防治措施主要为：（1）合理安排施工作业计划。未经区生态环境主管部门的批准，禁止除7时至12时、14时至20时外的作业时间施工；（2）生产设备、施工设备及工具装卸时要轻拿轻放，挪动生产,manual_check_needed
GB -16297,1,07_污染物排放标准审核,05_样本链（按项目组织）/EXCLUDED_003/01_受理公告/003_EXCLUDED_003_S07_电子电器_佛山顺德_广东奥荣电器有限公司扩建项目_报告表_gpt.md,1138,"| 运运营期环境影响和保护措施 | （1）大气污染源强分析<br>1）注塑工序VOCs<br>本项目在注塑工序过程需对PP、ABS进行熔融加热到170℃左右软化，加热均未达到所用塑料分解温度（ABS>260℃、PP>350℃），加热过程中原料仅有少量未聚合的单体在高温下挥发出来，苯乙烯、丙烯腈、1,3-丁二烯、甲苯、乙苯产生量极少，不进行定量分析，以非甲烷总烃计。<br>本次项目注塑工序会产生一定量VOCs，根据《排放源统计调查产排污核",manual_check_needed
粤环〔2011〕70号,1,15_VOCs总量控制审核,05_样本链（按项目组织）/EXCLUDED_003/01_受理公告/003_EXCLUDED_003_S07_电子电器_佛山顺德_广东奥荣电器有限公司扩建项目_报告表_gpt.md,1850,| 运营期环境影响和保护措施 | （4）固体废物环境管理要求<br>遵守《佛山市工业固体废物污染环境防治条例》（佛山市第十六届人民代表大会常务委员会公告（第14号））第三、八条。<br>①生活垃圾<br>项目运营期员工生活垃圾由环卫部门统一清运处理。<br>②一般工业固废<br>项目运营期产生的一般工业固废为废包装材料，项目生产过程中产生的一般工业固废交由专业回收公司回收处理，一般工业固废暂存场所需要满足防渗漏、防雨淋、防扬尘等环境保护,manual_check_needed
HJ 2015-2012,1,manual_check_needed,05_样本链（按项目组织）/EXCLUDED_003/01_受理公告/003_EXCLUDED_003_S07_电子电器_佛山顺德_广东奥荣电器有限公司扩建项目_报告表_gpt.md,2185,《水污染治理工程技术导则》（HJ2015-2012）；,manual_check_needed
HJ 1308-2023,1,manual_check_needed,05_样本链（按项目组织）/EXCLUDED_003/01_受理公告/003_EXCLUDED_003_S07_电子电器_佛山顺德_广东奥荣电器有限公司扩建项目_报告表_gpt.md,3218,本项目排放口位于南沙十字涌，现为V类水体，下游涉及二级饮用水水源保护区，离饮用水水源保护区直线距离尚有187m。根据上文预测结果可知，CODCr、氨氮、TP、氟化物正常排污对地表水体的浓度贡献值不大，可忽略不计，在考虑污染物叠加影响排放的情况下还尚有余量；且饮用水水源保护区取水口位于南沙十字涌和东海水道交汇口上游，根据东海水道流向，处理后废水对水生态环境不会造成较大影响，详见下图。因此项目排放口设置合理，对上下游影响可接受。项目建成后，,manual_check_needed
HJ 1309-2023,1,manual_check_needed,05_样本链（按项目组织）/EXCLUDED_003/01_受理公告/003_EXCLUDED_003_S07_电子电器_佛山顺德_广东奥荣电器有限公司扩建项目_报告表_gpt.md,3218,本项目排放口位于南沙十字涌，现为V类水体，下游涉及二级饮用水水源保护区，离饮用水水源保护区直线距离尚有187m。根据上文预测结果可知，CODCr、氨氮、TP、氟化物正常排污对地表水体的浓度贡献值不大，可忽略不计，在考虑污染物叠加影响排放的情况下还尚有余量；且饮用水水源保护区取水口位于南沙十字涌和东海水道交汇口上游，根据东海水道流向，处理后废水对水生态环境不会造成较大影响，详见下图。因此项目排放口设置合理，对上下游影响可接受。项目建成后，,manual_check_needed
GB /T 15562,1,manual_check_needed,05_样本链（按项目组织）/EXCLUDED_003/01_受理公告/003_EXCLUDED_003_S07_电子电器_佛山顺德_广东奥荣电器有限公司扩建项目_报告表_gpt.md,3458,根据国家标准《环境保护图形标志——排放口（源）》（GB/T 15562.1-1995）和国家环保总局《排污口规范化整治技术要求（试行）》（环监[1996]470 号）的技术要求，企业所有排放口必须按照“便于计量监测、便于日常现场监督检查”的原则和规范化要求，设置与之相适应的环境保护图形标志牌，排污口的规范化要符合环境监理所的有关要求。,manual_check_needed
粤环发〔2018〕6号,1,15_VOCs总量控制审核,05_样本链（按项目组织）/EXCLUDED_004/01_受理公告/004_EXCLUDED_004_S08_电子电器_佛山顺德_佛山市凌睿电子科技有限公司新建项目_报告表_gpt.md,77,| <br><!-- page_break --><br>其他符合性分析 | 一、选址合理性分析<br>本项目位于广东省佛山市顺德区伦教街道荔村村振华中路1号顺汇园1栋501室之二，根据《伦教集约工业园控制性详细规划（华南机械城片区）局部调整》的批后通告，本项目所在地用地性质属于一类工业用地。根据《顺德区2018-2020年村级工业园升级改造三年行动计划项目》，本项目不在“三旧”改造和村级工业园改造范围，因此本项目的选址符合佛山市顺德区,manual_check_needed
HJ 1031-2019,1,manual_check_needed,05_样本链（按项目组织）/EXCLUDED_004/01_受理公告/004_EXCLUDED_004_S08_电子电器_佛山顺德_佛山市凌睿电子科技有限公司新建项目_报告表_gpt.md,119,| 运营期环境影响和保护措施 | 运营期环境影响 <br>1、废气 <br>表4-1 项目废气产污环节、污染物种类、排放形式及污染防治设施一览表<br>主要生产单元<br>生产工艺<br>污染物项目<br>排放形式<br>污染防治设施<br>排放口类型<br><br><br>污染防治设施名称及工艺<br>是否为可行性技术<br><br>遥控器控制板<br>焊锡、刷三防漆<br>VOCs、臭气浓度<br>有组织<br>集气罩+两级活性炭吸,manual_check_needed
GB 14550,1,manual_check_needed,05_样本链（按项目组织）/EXCLUDED_004/01_受理公告/004_EXCLUDED_004_S08_电子电器_佛山顺德_佛山市凌睿电子科技有限公司新建项目_报告表_gpt.md,119,| 运营期环境影响和保护措施 | 运营期环境影响 <br>1、废气 <br>表4-1 项目废气产污环节、污染物种类、排放形式及污染防治设施一览表<br>主要生产单元<br>生产工艺<br>污染物项目<br>排放形式<br>污染防治设施<br>排放口类型<br><br><br>污染防治设施名称及工艺<br>是否为可行性技术<br><br>遥控器控制板<br>焊锡、刷三防漆<br>VOCs、臭气浓度<br>有组织<br>集气罩+两级活性炭吸,manual_check_needed
HJ 1253-2022,1,manual_check_needed,05_样本链（按项目组织）/EXCLUDED_004/01_受理公告/004_EXCLUDED_004_S08_电子电器_佛山顺德_佛山市凌睿电子科技有限公司新建项目_报告表_gpt.md,241,| <br><!-- page_break --><br>运营期环境影响和保护措施 | 2、废水 <br>（1）水污染源分析 <br>①生活污水<br>项目员工人数25人，均不在厂区内食宿，生活污水来源于员工如厕和清洁用水。生活用水根据《用水定额第3部分：生活》（DB44/T1461.3-2021）的相关规定，类比国家机关的办公无食堂和浴室的按10m3/（人·a）计，则项目员工生活用水为250m3/a。根据《第二次全国污染源普查 生活源,manual_check_needed
GB /T 50934-2013,1,manual_check_needed,05_样本链（按项目组织）/EXCLUDED_004/01_受理公告/004_EXCLUDED_004_S08_电子电器_佛山顺德_佛山市凌睿电子科技有限公司新建项目_报告表_gpt.md,241,| <br><!-- page_break --><br>运营期环境影响和保护措施 | 2、废水 <br>（1）水污染源分析 <br>①生活污水<br>项目员工人数25人，均不在厂区内食宿，生活污水来源于员工如厕和清洁用水。生活用水根据《用水定额第3部分：生活》（DB44/T1461.3-2021）的相关规定，类比国家机关的办公无食堂和浴室的按10m3/（人·a）计，则项目员工生活用水为250m3/a。根据《第二次全国污染源普查 生活源,manual_check_needed
GB 34330,1,manual_check_needed,05_样本链（按项目组织）/EXCLUDED_005/01_受理公告/005_EXCLUDED_005_S10_电子电器_佛山顺德_佛山市顺德区豪朗展业电器有限公司迁改建项目_报告表_gpt.md,588,|  | （1）固体废物污染源强分析<br>1）员工生活垃圾<br>项目有工作人员75人，均不在厂内食宿，根据《社会区域类环境影响评价》（中国环境科学出版社），办公垃圾为0.5~1.0kg/人•d，本项目员工生活垃圾产生量按0.5kg/人•d计，年工作日按300天计算，则产生的生活垃圾量为37.5kg/d，11.25t/a。<br>2）一般工业固体废物<br>项目生产过程中产生的一般工业固体废物主要为生产过程产生的废包装材料、喷粉地脚粉,manual_check_needed
GB 18598,1,manual_check_needed,05_样本链（按项目组织）/EXCLUDED_005/01_受理公告/005_EXCLUDED_005_S10_电子电器_佛山顺德_佛山市顺德区豪朗展业电器有限公司迁改建项目_报告表_gpt.md,639,| 危废仓库、仓库中化学品储存区 | 中-强 | 难 | 持久性有机物 | 重点防渗区 | 等效黏土防渗层Mb≥6.0m，K≤1×10-10cm/s；或参照GB18598执行 |,manual_check_needed
GB 18918-2001,1,manual_check_needed,05_样本链（按项目组织）/NEW_PL003/01_受理公告/202301091550845111.佛山市顺德区盖密尔塑料制品有限公司迁建项目_mineru.md,11,<table><tr><td><p>建设内容</p></td><td><ol><li><strong>项目概况</strong></li></ol><p>佛山市顺德区盖密尔塑料制品有限公司原项目选址于佛山市顺德区杏坛镇麦村七滘工业区七路22号之三，原项目于2018年7月20号已取得关于&lt;佛山市顺德区盖密尔塑料制品有限公司年产PE塑料垫片200吨搬迁项目&gt;环境影响评价批复（顺管杏环审[2018]0159号），项目原批准设备规模,manual_check_needed
粤环〔2014〕7号,1,15_VOCs总量控制审核,05_样本链（按项目组织）/NEW_PL006/04_修改意见_补正通知/202306081436449436word版（送审稿）-佛山市亦朋包装制品有限公司迁扩建项目（全本）修改意见.md,91,"<table><tr><td colspan=""2""><p>建设项目名称</p></td><td colspan=""3""><p>佛山市亦朋包装制品有限公司迁扩建项目</p></td></tr><tr><td colspan=""2""><p>项目代码</p></td><td colspan=""3""><p>/</p></td></tr><tr><td colspan=""2""><p>建设单位联系人</p></td><td><p>伍志锋</p><",manual_check_needed
粤环发〔2017〕2号,1,15_VOCs总量控制审核,05_样本链（按项目组织）/NEW_PL006/04_修改意见_补正通知/202306081436449436word版（送审稿）-佛山市亦朋包装制品有限公司迁扩建项目（全本）修改意见.md,91,"<table><tr><td colspan=""2""><p>建设项目名称</p></td><td colspan=""3""><p>佛山市亦朋包装制品有限公司迁扩建项目</p></td></tr><tr><td colspan=""2""><p>项目代码</p></td><td colspan=""3""><p>/</p></td></tr><tr><td colspan=""2""><p>建设单位联系人</p></td><td><p>伍志锋</p><",manual_check_needed
GB 3157-2015,1,manual_check_needed,05_样本链（按项目组织）/NEW_PL006/04_修改意见_补正通知/202306081436449436word版（送审稿）-佛山市亦朋包装制品有限公司迁扩建项目（全本）修改意见.md,96,<table><tr><td><p>建设内容</p></td><td><p>迁扩建前：佛山市亦朋包装制品有限公司在2018年8月落址于佛山市顺德区杏坛镇逢简村委会二环路南01地块厂房4首层之二，并在同一时间取得《顺德区环境运输和城市管理局关于佛山市亦朋包装制品有限公司年产塑料泵3600万只新建项目环境影响报告表的批复》（顺管杏环审〔2018〕第0213号），主要从事塑料泵的生产加工，年生产塑料泵3600万只。</p><p>迁扩建后：佛山,manual_check_needed
粤环函〔2019〕1167号,1,15_VOCs总量控制审核,05_样本链（按项目组织）/NEW_PL007/04_修改意见_补正通知/202308241425475953佛山市皇秀涂料有限公司修改意见_mineru.md,51,"<table><tr><td><p>建设项目名称</p></td><td colspan=""3""><p>佛山市皇秀涂料有限公司搬迁扩建项目</p></td></tr><tr><td><p>项目代码</p></td><td colspan=""3""><p>无</p></td></tr><tr><td><p>建设单位联系人</p></td><td><p>李永亮</p></td><td><p>联系方式</p></td><td><p>138222",manual_check_needed
HJ 2537-2014,1,manual_check_needed,05_样本链（按项目组织）/NEW_PL007/04_修改意见_补正通知/202308241425475953佛山市皇秀涂料有限公司修改意见_mineru.md,222,<table><tr><td><p>建设内容</p></td><td><p>佛山市皇秀涂料有限公司原计划在佛山市顺德区杏坛镇麦村村委会第二工业区入村大道东横一路16号之八建设佛山市皇秀涂料有限公司年加工500吨防水涂料、300吨乳胶涂料、200吨石头涂料新建项目，该项目于2020年6月1日获得佛山市生态环境局批复（佛环03环审[2020]0077号）。目前该项目尚未建成投产，因村改原因需搬迁至佛山市顺德区杏坛镇逢简工业区工业横四路进行建,manual_check_needed
GB 18582-2008,1,manual_check_needed,05_样本链（按项目组织）/NEW_PL007/04_修改意见_补正通知/202308241425475953佛山市皇秀涂料有限公司修改意见_mineru.md,222,<table><tr><td><p>建设内容</p></td><td><p>佛山市皇秀涂料有限公司原计划在佛山市顺德区杏坛镇麦村村委会第二工业区入村大道东横一路16号之八建设佛山市皇秀涂料有限公司年加工500吨防水涂料、300吨乳胶涂料、200吨石头涂料新建项目，该项目于2020年6月1日获得佛山市生态环境局批复（佛环03环审[2020]0077号）。目前该项目尚未建成投产，因村改原因需搬迁至佛山市顺德区杏坛镇逢简工业区工业横四路进行建,manual_check_needed
GB 24408-2009,1,manual_check_needed,05_样本链（按项目组织）/NEW_PL007/04_修改意见_补正通知/202308241425475953佛山市皇秀涂料有限公司修改意见_mineru.md,222,<table><tr><td><p>建设内容</p></td><td><p>佛山市皇秀涂料有限公司原计划在佛山市顺德区杏坛镇麦村村委会第二工业区入村大道东横一路16号之八建设佛山市皇秀涂料有限公司年加工500吨防水涂料、300吨乳胶涂料、200吨石头涂料新建项目，该项目于2020年6月1日获得佛山市生态环境局批复（佛环03环审[2020]0077号）。目前该项目尚未建成投产，因村改原因需搬迁至佛山市顺德区杏坛镇逢简工业区工业横四路进行建,manual_check_needed
HJ 1089-2020,1,manual_check_needed,05_样本链（按项目组织）/NEW_PL007/04_修改意见_补正通知/202308241425475953佛山市皇秀涂料有限公司修改意见_mineru.md,238,<table><tr><td><p>运营</p><p>期环</p><p>境影</p><p>响和</p><p>保护</p><p>措施</p></td><td><p><strong>（1）大气环境源强分析</strong></p><p>本项目产生的大气污染物主要为投料、分装工序产生的粉尘和投料、分装、检测工序产生的VOCs。</p><p>① 投料、分装工序产生的粉尘</p><p>本项目防水涂料粉料部分、乳胶涂料、石头涂料生产过程中使用水泥、,manual_check_needed
HJ 116-2020,1,manual_check_needed,05_样本链（按项目组织）/NEW_PL007/04_修改意见_补正通知/202308241425475953佛山市皇秀涂料有限公司修改意见_mineru.md,238,<table><tr><td><p>运营</p><p>期环</p><p>境影</p><p>响和</p><p>保护</p><p>措施</p></td><td><p><strong>（1）大气环境源强分析</strong></p><p>本项目产生的大气污染物主要为投料、分装工序产生的粉尘和投料、分装、检测工序产生的VOCs。</p><p>① 投料、分装工序产生的粉尘</p><p>本项目防水涂料粉料部分、乳胶涂料、石头涂料生产过程中使用水泥、,manual_check_needed
GB 50016-2014,1,manual_check_needed,05_样本链（按项目组织）/NEW_PL007/04_修改意见_补正通知/202308241425475953佛山市皇秀涂料有限公司修改意见_mineru.md,244,<table><tr><td><p>运营</p><p>期环</p><p>境影</p><p>响和</p><p>保护</p><p>措施</p></td><td><p>（2）环境管理要求</p><p>根据《中华人民共和国固体废物污染环境防治法》要求，建设单位应做好以下防治措施：</p><p>建设单位和个人应当依法在指定的地点分类投放生活垃圾。禁止随意倾倒、抛撒、堆放或者焚烧生活垃圾。</p><p>建设单位应当建立健全工业固体废物产生、收集、贮,manual_check_needed
HJ 19-2020,1,manual_check_needed,05_样本链（按项目组织）/NEW_PL015/04_修改意见_补正通知/佛山市顺德区蓝顿涂料有限公司迁建项目修改意见_mineru.md,74,<table><tr><td><p><strong>区域</strong></p><p><strong>环境</strong></p><p><strong>质量</strong></p><p><strong>现状</strong></p></td><td><p><strong>1、大气环境</strong></p><p>根据《佛山市顺德区生态环境保护“十四五”规划（2021-2025）》，顺德区全境为大气环境二类区，因此本项目所在区域属,manual_check_needed
HJ 1027-2019,1,manual_check_needed,05_样本链（按项目组织）/NEW_PL015/04_修改意见_补正通知/佛山市顺德区蓝顿涂料有限公司迁建项目修改意见_mineru.md,87,<table><tr><td></td><td><p><strong>1.3正常工况下废气达标分析</strong></p><p>（1）排气筒废气达标分析</p><p><strong>表4-11 项目排气筒参数一览表</strong></p><table><tr><td><p><strong>编号</strong></p></td><td><p><strong>名称</strong></p></td><td><p><strong>地理坐,manual_check_needed
GB 12348-90,1,06_环境质量执行标准审核,05_样本链（按项目组织）/NEW_PL016/04_修改意见_补正通知/（20230603第二次修改版）佛山市顺德区亚马逊涂料有限公司迁扩建项目修改意见_mineru.md,154,<table><tr><td><p>建设内容</p></td><td><p><strong>1.项目工程组成</strong></p><p>佛山市顺德区亚马逊涂料有限公司原址位于佛山市顺德区杏坛镇昌教村委会中心公路6号（不含之一卓志塑料厂）。该厂于2016年3月17日以《佛山市顺德区亚马逊涂料有限公司建设项目》环评报告表报批，经佛山市顺德区环境运输和城市管理局杏坛分局的批复文号为顺环（杏）审〔2016〕18号。于2016年9月28日通过,manual_check_needed
HJ 1179-2021,1,manual_check_needed,05_样本链（按项目组织）/NEW_PL016/04_修改意见_补正通知/（20230603第二次修改版）佛山市顺德区亚马逊涂料有限公司迁扩建项目修改意见_mineru.md,163,<table><tr><td><p>施工</p><p>期环</p><p>境保</p><p>护措</p><p>施</p></td><td><p>项目租用已建设完毕的工业厂房，不涉及厂房建设，施工过程主要是内部装修和设备安装，没有基建工程，因此施工期基本不存在大型土建工程，施工期间产生的影响主要是由于设备运输，安装时产生的噪声等。</p><p>施工期建设单位应严格遵守有关建筑施工的环境保护条例，防止运输扬尘，建筑垃圾、废物等及时清运，降低施,manual_check_needed
HJ 1087-2019,1,manual_check_needed,05_样本链（按项目组织）/NEW_PL016/04_修改意见_补正通知/（20230603第二次修改版）佛山市顺德区亚马逊涂料有限公司迁扩建项目修改意见_mineru.md,173,<table><tr><td><p>运营</p><p>期环</p><p>境影</p><p>响和</p><p>保护</p><p>措施</p></td><td><p><strong>1.2大气达标性分析 </strong></p><p>1）排气筒废气达标分析</p><p>本项目共设置1个排气筒，高度约45m，排气筒污染物排放情况见下表。</p><p><strong>表4-11 项目排气筒污染物排放达标情况一览表</strong></p><t,manual_check_needed
佛环〔2018〕66号,1,15_VOCs总量控制审核,05_样本链（按项目组织）/NEW_PL016/04_修改意见_补正通知/（20230603第二次修改版）佛山市顺德区亚马逊涂料有限公司迁扩建项目修改意见_mineru.md,178,"<table><tr><td><p><strong>内容</strong></p><p><strong>要素</strong></p></td><td colspan=""2""><p><strong>排放口（编号、</strong></p><p><strong>名称）/污染源</strong></p></td><td><p><strong>污染物项目</strong></p></td><td><p><strong>环境保护措施</stro",manual_check_needed
粤环函〔2023〕45号,1,15_VOCs总量控制审核,05_样本链（按项目组织）/SH_013/02_终稿_拟审批稿/终稿-佛山东瑜塑料制品有限公司新建项目_mineru_fixed.md,52,"<table><thead><tr><th><p><strong>序号</strong></p></th><th colspan=""2""><p><strong>政策要求</strong></p></th><th><p><strong>本项目概况</strong></p></th><th><p><strong>分析</strong></p></th></tr></thead><tbody><tr><td></td><td colspan=",manual_check_needed
佛环〔2022〕3号,1,15_VOCs总量控制审核,05_样本链（按项目组织）/SH_013/02_终稿_拟审批稿/终稿-佛山东瑜塑料制品有限公司新建项目_mineru_fixed.md,52,"<table><thead><tr><th><p><strong>序号</strong></p></th><th colspan=""2""><p><strong>政策要求</strong></p></th><th><p><strong>本项目概况</strong></p></th><th><p><strong>分析</strong></p></th></tr></thead><tbody><tr><td></td><td colspan=",manual_check_needed
粤环函〔2023〕163号,1,15_VOCs总量控制审核,05_样本链（按项目组织）/SH_014/02_终稿_拟审批稿/终稿-佛山市京耘科技有限公司新建项目_mineru_fixed.md,54,本项目不涉及重金属污染物排放，项目尽可能从源头减少固体废物排放，产后实行有效处理，实现零排放；生活垃圾经分类收集后交由环卫部门回收处理。6、与《广东省生态环境厅关于印发广东省2023年水污染防治工作方案的通知》（粤环函〔2023〕163号）的相符性分析,manual_check_needed
HJ 1207,1,manual_check_needed,05_样本链（按项目组织）/SH_014/02_终稿_拟审批稿/终稿-佛山市京耘科技有限公司新建项目_mineru_fixed.md,94,| 1.6废气排放影响分析 （1）排气筒废气达标分析 项目车间厂房楼顶共设置1个排气筒，高度为50m。排气筒污染物排放情况见下表。表4-7 项目排气筒污染物排放达标情况一览表 从上表可知，DA001排放的非甲烷总烃达到《合成树脂工业污染物排放标准》（GB31572-2015）及其2024年修改单中表4大气污染物排放限值；臭气浓度达到《恶臭污染物排放标准》（GB14554-93）表2恶臭污染物排放标准值（50米排气筒高度）。 （2）厂界和,manual_check_needed
GB 50014-2006,1,manual_check_needed,05_样本链（按项目组织）/SH_015/02_终稿_拟审批稿/终稿-佛山市华泷彩科技有限公司新建项目_mineru_fixed.md,102,| 运 营 期 环 境 影 响 和 保 护 措 施 | 2.2正常工况下废气达标分析 项目废气污染物达标情况一览表 从上表可知，排气筒DA001中的非甲烷总烃和颗粒物达到《合成树脂工业污染物排放标准》（GB 31572-2015，含2024年修改单）中表4大气污染物排放限值；臭气浓度达到《恶臭污染物排放标准》(GB14554-93)表2恶臭污染物排放标准值，对周围大气环境和附近敏感点影响不大。 厂界无组织臭气浓度达到《恶臭污染物排放标准,manual_check_needed
粤环函〔2021〕461号,1,15_VOCs总量控制审核,05_样本链（按项目组织）/SH_023/01_受理公告/023_SH_023_S03_涂料颜料_佛山顺德_佛山市嘉柏丽涂料有限公司迁扩建项目_报告表_gpt.md,49,| 污染物排放管控 | 1. 污染物排放总量不得突破“污染物排放总量管控限值清单”的总量管控要求；重点对重点污染物（重点污染物包括化学需氧量、氨氮、氮氧化物及挥发性有机物等）实施总量控制；上年度重点河涌水质未达到水环境质量目标的管控分区所在镇（街道），须组织编制、系统实施、向社会公开区域重点水污染物减排计划并明确“替代量”，本年度新建、改建、扩建项目新增水环境重点污染物实行区域“减二增一”替代（废水集中处理设施、民生项目除外）；在可核查,manual_check_needed
GB /T 31962-2015,1,manual_check_needed,05_样本链（按项目组织）/SH_023/01_受理公告/023_SH_023_S03_涂料颜料_佛山顺德_佛山市嘉柏丽涂料有限公司迁扩建项目_报告表_gpt.md,345,| 1）现有项目原审批数据均由2018年编制的《佛山市嘉柏丽涂料有限公司新建项目》中所得。<br>2）现有项目实际情况分析：<br>1、废水<br>生活污水：现有项目员工人数共30人，不设食宿。参照《用水定额 第3部分：生活》（DB44/T 1461-2021）附录A中“国家机构-国家行政机构-办公楼-无食堂和浴室”的先进值用水定额可知，现有项目职工生活用水量按10m3/人·a计，则用水量为300m3/a，均为职工一般生活用水。生活污水,manual_check_needed
佛环〔2021〕41号,1,15_VOCs总量控制审核,05_样本链（按项目组织）/SH_023/01_受理公告/023_SH_023_S03_涂料颜料_佛山顺德_佛山市嘉柏丽涂料有限公司迁扩建项目_报告表_gpt.md,679,| 运营期环境影响和保护措施 | 3、噪声<br>3.1噪声污染源源强核算<br>项目噪声主要来自生产设备等机器运行时产生的噪声，声源噪声级约为60~75dB（A）。噪声可以引起人的听力损失、引起心脏血管伤害、使人体内分泌紊乱、影响人的睡眠质量、致使人的情绪激动。<br>建议建设单位采取在噪声较大的机械设备上安装减震垫等基础减震措施，厂房内使用隔声材料进行降噪，可在其表面铺覆一层吸声材料。经基础减震、隔声以及距离衰减后一般能降低30~4,manual_check_needed
