date,review_dimension,status,evidence_file,issue_description,suggested_revision,notes
2026-06-17,主张1: 环评审核需要关注报告质量和证据充分性,通过,literature_support_pack_20260617.md,文献支撑充分。Lee 1999 和 Bond 2025 形成时间纵深，表述将质量审查框架转化为工作流模块的逻辑清晰,建议补充中文环评报告表技术评估文献以增强中国语境支撑,经典 EIA 质量审查+当代 AI 治理边界双重支撑
2026-06-17,主张2: 普通问答不能代表环评审核能力,通过,literature_support_pack_20260617.md,文献支撑充分。Meyur 2025/Guo 2025/Kornov 2025 分别从 benchmark 构建、领域数据集、数据基础三个角度支撑,无需修改,三条文献构成完整论证链
2026-06-17,主张3: 环境审查类任务需要专门 benchmark,基本通过,literature_support_pack_20260617.md,与主张2高度重叠，未作为独立条目展开。research_gap_storyline.md 中 Gap 1 有清晰论述,如果论文需独立主张，可从 Meyur 2025 MAPLE pipeline 和 Guo 2025 ELLE 提取更具体论据,与主张 2 共享核心文献
2026-06-17,主张4: 标准库/RAG适合支撑强依据任务,通过,literature_support_pack_20260617.md,支撑充分。Garrido/Hogan/Garigliotti/Bommarito 形成 EIA 本体→KG→RAG 实证→监管 NLP 完整链,引用 Garigliotti 2024 时注明其研究场景为 SDG 目标检测而非 VOCs 合规审核,标准卡中间表示的设计思路合理
2026-06-17,主张5: 经验库可由案例推理理论支撑,基本通过,literature_support_pack_20260617.md,CBR 经典文献（1994年）距 LLM 时代较远；缺少行政审核场景历史意见复用的直接文献；需明确本文不实现 CBR 完整四步循环,建议补充近年 CBR+LLM 结合文献（2022-2025）；论文中说明借鉴 CBR 知识组织思想而非实现 CBR 系统,理论链完整但需说明代差
2026-06-17,主张6: AI生成候选问答需要专家验证,通过,literature_support_pack_20260617.md,支撑充分。公共部门AI风险+人机协同评价+幻觉问题三维度支撑，seed QA 定位为候选材料的表述恰当,无需修改,表述与 Alon-Barkat 2023 和 Magesh 2025 的核心结论一致
2026-06-17,主张7: 评价体系需要关注可靠性和一致性,基本通过,literature_support_pack_20260617.md,文献支撑了必要性论证但未提供 Kappa/Fleiss' Kappa/bootstrap CI 在 EIA 审核场景中的具体操作方案,补充1-2篇可靠性检验操作层面文献；论文方法章节中定位为必要性论证而非已完成方案,证据包已诚实标注待补充
2026-06-17,主张8: Chen等环境LLM方法范式可迁移,需人工核查,literature_support_pack_20260617.md,Chen 2026 标注 Full text to be checked 但已被置于核心论证位置，单篇支撑力度偏弱，全文内容未核验,中期汇报中降级为可借鉴总体研究方向；优先完成 Chen 2026 全文核验后再决定引用强度,这是当前最大的文献可靠性风险点
2026-06-17,经验库引入: 风险表述检查,通过,全包文件,未发现经验库等同于判例/替代标准库等7类禁止表述。多个文件明确反向表述且审慎措辞覆盖充分,无需修改,证据分级+relevance过滤+边界声明的三保险机制完整
2026-06-17,经验库引入: CBR理论衔接,基本通过,related_work_high_level_draft.md,CBR 经典文献与现代 LLM agent 经验学习的衔接需要更清晰说明，避免被误解为实现完整 CBR 系统,论文中增加说明段落：本文不实现 CBR 完整四步循环，借鉴其知识组织思想,属于表述精度问题
2026-06-17,bib 文献覆盖完整性,需修改,references_20260617.bib,bib 仅含18条文献，缺少 related_work_high_level_draft.md 中引用的 Cilliers 2025/Gimenez 2025/Schneider 2022/Allard 2026/Du 2026 等至少5条,补齐缺失文献的 bib 条目，目标 23+ 条,evidence pack 的 bib 与 literature review draft 不对齐
2026-06-17,中文文献覆盖,需修改,全包文件,18条文献全部为英文，无一条中文环评报告表质量审查或技术评估文献。中国建设项目环评表审核制度特征无法仅用英文文献支撑,补充中国环评制度、报告表技术评估、审批审核研究的中文文献至少3-5条,论文研究的是中国顺德区的环评审核场景
2026-06-17,文献观点一致性核验,需人工核查,全包文件,全包文献观点描述由 AI 生成，是否与原文一致尚未经人工逐条核验,论文定稿前完成逐条核验，标注已核验/待核验状态,当前任务提示词中已明确此要求
2026-06-17,xlsx文件可读性,需人工核查,literature_matrix_20260617.xlsx,xlsx 为二进制格式，OpenClaw 无法直接读取单元格内容。本复核依赖 literature_matrix.md 交叉验证,建议同步导出 CSV 版本以便程序化复核，或人工确认 xlsx 与 MD 内容一致,不影响总体判断但增加了核验不确定性
2026-06-17,文献真实性基线,基本通过,references_20260617.bib,18条文献均有 author/title/year/source，DOI多数标注，未发现明显编造迹象,论文定稿前逐条在 DOI/Google Scholar 交叉验证,Codex 自检报告确认未发现明显编造
2026-06-17,总体: 中期汇报可用性,基本通过,全包文件,证据包可支撑中期汇报初稿，但需标注文献尚在补充核验中,中期汇报使用建议：直接引用 evidence pack 中可直接用的段落，注明核验状态,核心风险点 Chen 2026 需优先处理
